study.name,dint,SD,id,YofPub,cont.type,outcome,time,treatments,cf.timely,ssci,setting,ed.level,Age,profic,motivation,Ss.aware,random.grp,equiv.grp,rel.inter,rel.intra,genre,sourced,timed,Location,Length,instruction,graded,acc.measure,cf.training,error.type,cf.scope,cf.type,error.key,cf.provider,cf.revision,cf.oral
Al.Ahm_Al.Jar,0.5337337,0.4289732,1,2015,1,1,1,2,1,0,2,2,2,1,99,99,0,0,1,0,5,0,1,0,99,1,99,1,99,3,2,0,88,0,0,0
Al.Ahm_Al.Jar,0.2961166,0.411447,1,2015,1,1,4,2,1,0,2,2,2,1,99,99,0,0,1,0,5,0,1,0,99,1,99,1,99,3,2,0,88,0,0,0
Al.Ahm_Al.Jar,-0.1553864,0.4272827,1,2015,1,1,1,2,1,0,2,2,2,1,99,99,0,0,1,0,5,0,1,0,99,1,99,1,99,3,2,8,88,0,0,1
Al.Ahm_Al.Jar,0.1310153,0.4465304,1,2015,1,1,4,2,1,0,2,2,2,1,99,99,0,0,1,0,5,0,1,0,99,1,99,1,99,3,2,8,88,0,0,1
Al_Ajmi,3.4442268,0.5452222,2,2015,1,1,1,2,0,0,2,2,2,1,99,99,0,1,1,0,6,0,99,99,0,99,99,4,99,2,2,8,88,0,99,1
Al_Ajmi,4.3764574,0.719844,2,2015,1,1,2,2,0,0,2,2,2,1,99,99,0,1,1,0,6,0,99,99,0,99,99,4,99,2,2,8,88,0,99,1
Bitc_Knch_a,0.8740107,0.3712221,3,2008,0,1,1,1,1,1,1,2,2,1,99,1,0,1,1,0,5,0,1,0,99,99,99,1,99,1,2,8,88,99,2,1
Bitc_Knch_a,1.285397,0.4033373,3,2008,0,1,4,1,1,1,1,2,2,1,99,1,0,1,1,0,5,0,1,0,99,99,99,1,99,1,2,8,88,99,2,1
Bitc_Knch_a,1.3816043,0.3976697,3,2008,0,1,1,1,1,1,1,2,2,1,99,1,0,1,1,0,5,0,1,0,99,99,99,1,99,1,2,8,88,99,2,0
Bitc_Knch_a,0.3954439,0.3805078,3,2008,0,1,4,1,1,1,1,2,2,1,99,1,0,1,1,0,5,0,1,0,99,99,99,1,99,1,2,8,88,99,2,0
Bitc_Knch_a,0.6841215,0.3993035,3,2008,0,1,1,1,1,1,1,2,2,1,99,1,0,1,1,0,5,0,1,0,99,99,99,1,99,1,2,0,88,99,2,0
Bitc_Knch_a,0.8404898,0.4000061,3,2008,0,1,4,1,1,1,1,2,2,1,99,1,0,1,1,0,5,0,1,0,99,99,99,1,99,1,2,0,88,99,2,0
Bitc_Knch_b,0.6852567,0.4448273,4,2010,0,1,1,1,1,1,1,2,2,2,2,1,0,1,1,0,5,0,1,0,99,0,99,1,99,1,2,3,88,99,2,0
Bitc_Knch_b,0.2844569,0.3510958,4,2010,0,1,4,1,1,1,1,2,2,2,2,1,0,1,1,0,5,0,1,0,99,0,99,1,99,1,2,3,88,99,2,0
Bitc_Knch_b,0.932902,0.4705388,4,2010,0,1,1,1,1,1,1,2,2,2,2,1,0,1,1,0,5,0,1,0,99,0,99,1,99,1,2,1,88,99,2,0
Bitc_Knch_b,0.7230505,0.4444458,4,2010,0,1,4,1,1,1,1,2,2,2,2,1,0,1,1,0,5,0,1,0,99,0,99,1,99,1,2,1,88,99,2,0
Bitc_Knch_b,0.260038,0.3495639,4,2010,0,1,1,1,1,1,1,2,2,2,2,1,0,1,1,0,5,0,1,0,99,0,99,1,99,1,2,3,88,99,2,1
Bitc_Knch_b,1.0757478,0.4826954,4,2010,0,1,4,1,1,1,1,2,2,2,2,1,0,1,1,0,5,0,1,0,99,0,99,1,99,1,2,3,88,99,2,1
Bitc_Knch_c,2.2358005,0.6994613,5,2010,0,1,1,1,1,1,1,2,2,1,99,1,1,1,1,0,5,0,1,0,99,1,99,1,0,1,2,8,88,99,0,1
Bitc_Knch_c,1.2856505,0.5410149,5,2010,0,1,4,1,1,1,1,2,2,1,99,1,1,1,1,0,5,0,1,0,99,1,99,1,0,1,2,8,88,99,0,1
Bitc_Knch_c,0.7416194,0.4687635,5,2010,0,1,4,1,1,1,1,2,2,1,99,1,1,1,1,0,5,0,1,0,99,1,99,1,0,1,2,8,88,99,0,1
Bitc_Knch_c,1.7747793,0.5282781,5,2010,0,1,4,1,1,1,1,2,2,1,99,1,1,1,1,0,5,0,1,0,99,1,99,1,0,1,2,8,88,99,0,1
Bitc_Knch_c,1.5274993,0.493643,5,2010,0,1,1,1,1,1,1,2,2,1,99,1,1,1,1,0,5,0,1,0,99,0,99,1,0,1,2,8,88,99,0,0
Bitc_Knch_c,1.3294903,0.4686521,5,2010,0,1,4,1,1,1,1,2,2,1,99,1,1,1,1,0,5,0,1,0,99,0,99,1,0,1,2,8,88,99,0,0
Bitc_Knch_c,1.7495244,0.5716869,5,2010,0,1,4,1,1,1,1,2,2,1,99,1,1,1,1,0,5,0,1,0,99,0,99,1,0,1,2,8,88,99,0,0
Bitc_Knch_c,1.402531,0.5187976,5,2010,0,1,4,1,1,1,1,2,2,1,99,1,1,1,1,0,5,0,1,0,99,0,99,1,0,1,2,8,88,99,0,0
Bitc_Knch_c,0.9319114,0.4578906,5,2010,0,1,1,1,1,1,1,2,2,1,99,1,1,1,1,0,5,0,1,0,99,0,99,1,0,1,2,0,88,99,0,0
Bitc_Knch_c,2.5361718,0.6697325,5,2010,0,1,4,1,1,1,1,2,2,1,99,1,1,1,1,0,5,0,1,0,99,0,99,1,0,1,2,0,88,99,0,0
Bitc_Knch_c,1.9821144,0.575165,5,2010,0,1,4,1,1,1,1,2,2,1,99,1,1,1,1,0,5,0,1,0,99,0,99,1,0,1,2,0,88,99,0,0
Bitc_Knch_c,1.3165693,0.4784583,5,2010,0,1,4,1,1,1,1,2,2,1,99,1,1,1,1,0,5,0,1,0,99,0,99,1,0,1,2,0,88,99,0,0
Bitc_Yng_Cmrn,0.6592804,0.344366,6,2005,1,1,3,3,99,1,1,3,2,1,99,99,0,99,1,0,6,0,1,0,2,2,1,1,99,2,1,8,88,1,99,1
Bitc_Yng_Cmrn,-0.4935793,0.380287,6,2005,1,2,3,3,99,1,1,3,2,1,99,99,0,99,1,0,6,0,1,0,2,2,1,1,99,3,1,8,88,1,99,1
Bitc_Yng_Cmrn,-0.5156586,0.3467887,6,2005,1,3,3,3,99,1,1,3,2,1,99,99,0,99,1,0,6,0,1,0,2,2,1,1,99,1,1,8,88,1,99,1
Bitc_Yng_Cmrn,-0.6975506,0.3574931,6,2005,1,1,3,3,99,1,1,3,2,1,99,99,0,99,1,0,6,0,1,0,2,2,1,1,99,2,1,0,88,1,99,0
Bitc_Yng_Cmrn,0.9476399,0.3571555,6,2005,1,2,3,3,99,1,1,3,2,1,99,99,0,99,1,0,6,0,1,0,2,2,1,1,99,3,1,0,88,1,99,0
Bitc_Yng_Cmrn,0.01103,0.3515868,6,2005,1,3,3,3,99,1,1,3,2,1,99,99,0,99,1,0,6,0,1,0,2,2,1,1,99,1,1,0,88,1,99,0
Bonilla.etal,1.2461877,0.3039655,7,2018,2,1,1,2,0,1,2,2,2,1,2,99,1,1,1,0,2,1,1,0,1,99,1,0,0,0,0,0,88,1,1,0
Bonilla.etal,0.8090347,0.2837869,7,2018,2,1,3,2,0,1,2,2,2,1,2,99,1,1,1,0,2,1,1,0,1,99,1,0,0,0,0,0,88,1,1,0
Bonilla.etal,1.6238454,0.3231593,7,2018,2,1,1,2,0,1,2,2,2,1,2,99,1,1,1,0,2,1,1,0,1,99,1,0,0,0,0,2,1,1,1,0
Bonilla.etal,0.9220182,0.2857224,7,2018,2,1,3,2,0,1,2,2,2,1,2,99,1,1,1,0,2,1,1,0,1,99,1,0,0,0,0,2,1,1,1,0
Brown,0.557805,0.2341439,8,2017,1,1,2,3,0,2,2,2,2,1,2,1,0,1,1,0,2,0,1,0,3,0,1,0,1,10,1,0,88,1,1,0
Brown,0.593319,0.230897,8,2017,1,1,2,3,0,2,2,2,2,1,2,1,0,1,1,0,2,0,1,0,3,0,1,0,1,10,1,0,88,1,1,0
Brown,0.4156023,0.2220836,8,2017,1,2,2,3,0,2,2,2,2,1,2,1,0,1,1,0,2,0,1,0,3,0,1,0,1,1,1,0,88,1,1,0
Brown,-0.1324652,0.2208191,8,2017,1,2,2,3,0,2,2,2,2,1,2,1,0,1,1,0,2,0,1,0,3,0,1,0,1,1,1,0,88,1,1,0
Brown,0.3922565,0.2246535,8,2017,1,3,2,3,0,2,2,2,2,1,2,1,0,1,1,0,2,0,1,0,3,0,1,0,1,10,1,0,88,1,1,0
Brown,0.2831947,0.2214178,8,2017,1,3,2,3,0,2,2,2,2,1,2,1,0,1,1,0,2,0,1,0,3,0,1,0,1,10,1,0,88,1,1,0
Brown,0.1924195,0.2230997,8,2017,1,4,2,3,0,2,2,2,2,1,2,1,0,1,1,0,2,0,1,0,3,0,1,0,1,10,1,0,88,1,1,0
Brown,0.0749261,0.216307,8,2017,1,4,2,3,0,2,2,2,2,1,2,1,0,1,1,0,2,0,1,0,3,0,1,0,1,10,1,0,88,1,1,0
Brown,0.2022926,0.2204655,8,2017,1,1,2,3,0,2,2,2,2,1,2,1,0,1,1,0,2,0,1,0,3,0,1,0,1,10,1,2,1,1,1,0
Brown,0.250094,0.2167927,8,2017,1,1,2,3,0,2,2,2,2,1,2,1,0,1,1,0,2,0,1,0,3,0,1,0,1,10,1,2,1,1,1,0
Brown,0.0260805,0.2196037,8,2017,1,2,2,3,0,2,2,2,2,1,2,1,0,1,1,0,2,0,1,0,3,0,1,0,1,1,1,2,1,1,1,0
Brown,0.2669462,0.2179643,8,2017,1,2,2,3,0,2,2,2,2,1,2,1,0,1,1,0,2,0,1,0,3,0,1,0,1,1,1,2,1,1,1,0
Brown,-0.2091514,0.221906,8,2017,1,3,2,3,0,2,2,2,2,1,2,1,0,1,1,0,2,0,1,0,3,0,1,0,1,10,1,2,1,1,1,0
Brown,0.6631468,0.2256493,8,2017,1,3,2,3,0,2,2,2,2,1,2,1,0,1,1,0,2,0,1,0,3,0,1,0,1,10,1,2,1,1,1,0
Brown,0.0798625,0.2277274,8,2017,1,4,2,3,0,2,2,2,2,1,2,1,0,1,1,0,2,0,1,0,3,0,1,0,1,10,1,2,1,1,1,0
Brown,0.1317168,0.2201225,8,2017,1,4,2,3,0,2,2,2,2,1,2,1,0,1,1,0,2,0,1,0,3,0,1,0,1,10,1,2,1,1,1,0
Diab_a,0.3191838,0.3606636,9,2015,2,1,1,3,0,1,2,2,2,1,99,1,99,99,0,0,2,0,1,0,99,1,0,0,99,10,2,8,1,0,1,0
Diab_a,0.2841822,0.3406931,9,2015,2,1,4,3,0,1,2,2,2,1,99,1,99,99,0,0,2,0,1,0,99,1,0,0,99,10,2,8,1,0,1,0
Diab_a,0.9658362,0.5270411,9,2015,2,2,1,3,0,1,2,2,2,1,99,1,99,99,0,0,2,0,1,0,99,1,0,0,99,10,2,8,1,0,1,0
Diab_a,0.2620356,0.4186162,9,2015,2,2,4,3,0,1,2,2,2,1,99,1,99,99,0,0,2,0,1,0,99,1,0,0,99,10,2,8,1,0,1,0
Diab_a,0.2447906,0.3574552,9,2015,2,1,1,3,0,1,2,2,2,1,99,1,99,99,0,0,2,0,1,0,99,1,0,0,99,10,2,3,1,0,1,0
Diab_a,0.0486597,0.3519277,9,2015,2,1,4,3,0,1,2,2,2,1,99,1,99,99,0,0,2,0,1,0,99,1,0,0,99,10,2,3,1,0,1,0
Diab_a,1.2619321,0.5075622,9,2015,2,2,1,3,0,1,2,2,2,1,99,1,99,99,0,0,2,0,1,0,99,1,0,0,99,10,2,3,1,0,1,0
Diab_a,0.2986588,0.3752305,9,2015,2,2,4,3,0,1,2,2,2,1,99,1,99,99,0,0,2,0,1,0,99,1,0,0,99,10,2,3,1,0,1,0
Diab_b,-0.0241685,0.3318732,10,2016,2,1,1,1,0,1,2,2,2,1,99,1,99,99,1,0,77,1,1,0,99,1,0,0,99,10,2,3,88,2,99,0
Diab_b,0.0568628,0.3682071,10,2016,2,1,4,1,0,1,2,2,2,1,99,1,99,99,1,0,77,1,1,0,99,1,0,0,99,10,2,3,88,2,99,0
Diab_b,0.3543327,0.3455756,10,2016,2,2,1,1,0,1,2,2,2,1,99,1,99,99,1,0,77,1,1,0,99,1,0,0,99,10,2,3,88,2,99,0
Diab_b,-0.6605675,0.342986,10,2016,2,2,4,1,0,1,2,2,2,1,99,1,99,99,1,0,77,1,1,0,99,1,0,0,99,10,2,3,88,2,99,0
Dlsk_Krlr,0.121189,0.162382,11,2013,0,1,2,2,0,0,2,2,2,1,99,1,1,1,0,0,99,0,1,0,99,0,0,2,99,0,1,1,88,0,1,0
Dlsk_Krlr,0.3717738,0.1660183,11,2013,0,2,2,2,0,0,2,2,2,1,99,1,1,1,0,0,99,0,1,0,99,0,0,2,99,0,1,1,88,0,1,0
Dlsk_Krlr,0.3936643,0.1713423,11,2013,0,1,2,2,0,0,2,2,2,1,99,1,1,1,0,0,99,0,1,0,99,0,1,2,99,0,1,1,88,0,1,0
Dlsk_Krlr,0.2314312,0.1735356,11,2013,0,2,2,2,0,0,2,2,2,1,99,1,1,1,0,0,99,0,1,0,99,0,1,2,99,0,1,1,88,0,1,0
Eki_diGnro,0.0150051,0.3732548,12,2019,1,1,1,3,1,1,1,2,2,1,99,0,1,99,1,0,5,0,0,0,99,0,99,1,99,1,2,0,88,99,2,0
Eki_diGnro,-0.5477378,0.3487669,12,2019,1,1,4,3,1,1,1,2,2,1,99,0,1,99,1,0,5,0,0,0,99,0,99,1,99,1,2,0,88,99,2,0
Eki_diGnro,0.0969807,0.3612057,12,2019,1,1,1,3,1,1,1,2,2,1,99,0,1,99,1,0,5,0,0,0,99,0,99,1,99,1,2,8,88,99,2,0
Eki_diGnro,-0.2352528,0.3435118,12,2019,1,1,4,3,1,1,1,2,2,1,99,0,1,99,1,0,5,0,0,0,99,0,99,1,99,1,2,8,88,99,2,0
Elis_Sh_Mur_Tak,-0.0130216,0.4873301,13,2008,1,1,1,3,1,1,2,2,2,1,99,0,99,1,0,0,5,1,0,0,99,0,0,1,99,1,2,0,88,2,2,0
Elis_Sh_Mur_Tak,0.7144886,0.5399898,13,2008,1,1,3,3,1,1,2,2,2,1,99,0,99,1,0,0,5,1,0,0,99,0,0,1,99,1,2,0,88,2,2,0
Elis_Sh_Mur_Tak,1.8857288,0.7018442,13,2008,1,1,1,3,1,1,2,2,2,1,99,0,99,1,0,0,5,1,0,0,99,0,0,1,99,1,0,0,88,2,2,0
Elis_Sh_Mur_Tak,1.132933,0.5320474,13,2008,1,1,3,3,1,1,2,2,2,1,99,0,99,1,0,0,5,1,0,0,99,0,0,1,99,1,0,0,88,2,2,0
Ev_Hart_StngKras,1.0936034,0.4169966,14,2011,1,1,2,4,0,1,1,2,2,2,99,99,99,0,1,0,2,0,1,0,1,1,88,2,99,0,0,2,1,0,1,0
Fazio,-0.130892,0.3642787,15,2001,1,1,2,99,1,1,1,0,0,77,99,99,1,99,0,0,6,0,0,0,99,99,99,1,99,0,1,0,88,1,2,0
Fazio,-0.5467906,0.3915234,15,2001,1,1,2,99,1,1,1,0,0,77,99,99,1,99,0,0,6,0,0,0,99,99,99,1,99,0,1,1,88,1,2,0
Frear_Chiu,1.0485025,0.4616472,16,2016,0,1,1,1,99,1,2,2,2,99,99,1,0,99,1,0,5,1,0,0,99,99,0,1,0,2,2,1,88,1,0,0
Frear_Chiu,1.1609789,0.4483516,16,2016,0,1,2,1,99,1,2,2,2,99,99,1,0,99,1,0,5,1,0,0,99,99,0,1,0,2,2,1,88,1,0,0
Frear_Chiu,1.0507744,0.447544,16,2016,0,1,1,1,99,1,2,2,2,99,99,1,0,99,1,0,5,1,0,0,99,99,0,1,0,2,2,1,88,1,0,0
Frear_Chiu,0.9881051,0.4163468,16,2016,0,1,2,1,99,1,2,2,2,99,99,1,0,99,1,0,5,1,0,0,99,99,0,1,0,2,2,1,88,1,0,0
Guo,0.6348017,0.2920243,17,2015,1,1,1,1,0,2,2,2,2,1,99,1,1,1,0,0,5,0,1,0,1,0,0,1,0,0,1,1,88,0,0,0
Guo,0.9076638,0.3112046,17,2015,1,1,3,1,0,2,2,2,2,1,99,1,1,1,0,0,5,0,1,0,1,0,0,1,0,0,1,1,88,0,0,0
Guo,0.9928717,0.3170768,17,2015,1,1,4,1,0,2,2,2,2,1,99,1,1,1,0,0,5,0,1,0,1,0,0,1,0,0,1,1,88,0,0,0
Guo,1.2790014,0.3397439,17,2015,1,1,1,1,0,2,2,2,2,1,99,1,1,1,0,0,5,0,1,0,1,0,0,1,0,0,1,2,1,0,0,0
Guo,0.9394399,0.3177358,17,2015,1,1,3,1,0,2,2,2,2,1,99,1,1,1,0,0,5,0,1,0,1,0,0,1,0,0,1,2,1,0,0,0
Guo,0.3649804,0.2854789,17,2015,1,1,4,1,0,2,2,2,2,1,99,1,1,1,0,0,5,0,1,0,1,0,0,1,0,0,1,2,1,0,0,0
Guo,0.5434674,0.2963297,17,2015,1,1,1,1,0,2,2,2,2,1,99,1,1,1,0,0,5,0,1,0,1,0,0,1,0,0,1,3,88,0,0,0
Guo,0.346734,0.2880964,17,2015,1,1,3,1,0,2,2,2,2,1,99,1,1,1,0,0,5,0,1,0,1,0,0,1,0,0,1,3,88,0,0,0
Guo,0.9225743,0.3197156,17,2015,1,1,4,1,0,2,2,2,2,1,99,1,1,1,0,0,5,0,1,0,1,0,0,1,0,0,1,3,88,0,0,0
Guo,0.4973949,0.2978469,17,2015,1,1,1,1,0,2,2,2,2,1,99,1,1,1,0,0,5,0,1,0,1,0,0,1,0,0,1,0,88,0,0,0
Guo,0.9395114,0.3133022,17,2015,1,1,3,1,0,2,2,2,2,1,99,1,1,1,0,0,5,0,1,0,1,0,0,1,0,0,1,0,88,0,0,0
Guo,0.2159263,0.2830925,17,2015,1,1,4,1,0,2,2,2,2,1,99,1,1,1,0,0,5,0,1,0,1,0,0,1,0,0,1,0,88,0,0,0
Guo,0.8525524,0.311497,17,2015,1,1,1,1,0,2,2,2,2,1,99,1,1,1,0,0,5,0,1,0,1,0,0,1,0,0,1,8,88,0,0,0
Guo,0.680117,0.3009539,17,2015,1,1,3,1,0,2,2,2,2,1,99,1,1,1,0,0,5,0,1,0,1,0,0,1,0,0,1,8,88,0,0,0
Guo,0.7709437,0.310412,17,2015,1,1,4,1,0,2,2,2,2,1,99,1,1,1,0,0,5,0,1,0,1,0,0,1,0,0,1,8,88,0,0,0
Harts_Evans,0.9936019,0.4439536,18,2015,0,1,2,4,0,1,1,2,2,1,99,99,0,1,1,0,2,0,1,0,99,1,0,2,99,0,0,2,1,0,1,0
Hartshorn,0.8304661,0.3126728,19,2008,1,1,2,99,0,2,1,2,2,2,99,99,0,0,1,0,2,0,0,1,1,1,0,2,1,1,0,2,1,0,1,0
Hartshorn,0.9482234,0.3152136,19,2008,1,2,2,99,0,2,1,2,2,2,99,99,0,0,1,0,2,0,0,1,1,1,0,2,1,1,0,2,1,0,1,0
Hartshorn,0.3817407,0.30546,19,2008,1,3,2,99,0,2,1,2,2,2,99,99,0,0,1,0,2,0,0,1,1,1,0,2,1,10,0,2,1,0,1,0
Hartshorn,-0.250819,0.2994754,19,2008,1,4,2,99,0,2,1,2,2,2,99,99,0,0,1,0,2,0,0,1,1,1,0,2,1,10,0,2,1,0,1,0
Jhowry,-0.0618444,0.475096,20,2010,1,1,1,4,1,2,1,2,2,2,99,99,1,1,1,0,2,0,1,0,2,0,99,NA,0,0,2,1,88,1,1,0
Jiang_Xiao,1.0680665,0.3091043,21,2014,0,1,1,2,1,1,2,2,2,1,99,99,1,99,0,0,5,0,1,0,1,0,88,1,1,1,2,0,88,99,99,0
Jiang_Xiao,0.6699853,0.2767213,21,2014,0,1,3,2,1,1,2,2,2,1,99,99,1,99,0,0,5,0,1,0,1,0,88,1,1,1,2,0,88,99,99,0
Jiang_Xiao,1.3021982,0.328102,21,2014,0,1,1,2,1,1,2,2,2,1,99,99,1,99,0,0,5,0,1,0,1,0,88,1,1,1,2,0,88,99,99,0
Jiang_Xiao,0.7841841,0.283214,21,2014,0,1,3,2,1,1,2,2,2,1,99,99,1,99,0,0,5,0,1,0,1,0,88,1,1,1,2,0,88,99,99,0
Karim_End.,0.4503802,0.3065203,22,2019,0,1,2,2,0,0,2,2,2,1,99,99,1,0,1,1,5,0,1,0,1,99,99,1,99,2,2,0,88,99,1,0
Karim_End.,1.4367287,0.3764278,22,2019,0,1,3,2,0,0,2,2,2,1,99,99,1,0,1,1,5,0,1,0,1,99,99,1,99,2,2,0,88,99,1,0
Karim_End.,-0.348525,0.3275155,22,2019,0,1,3,2,0,0,2,2,2,1,99,99,1,0,1,1,5,0,1,0,1,99,99,1,99,2,2,0,88,99,1,0
Karim_End.,1.060784,0.3555196,22,2019,0,1,2,2,0,0,2,2,2,1,99,99,1,0,1,1,5,0,1,0,1,99,99,1,99,2,2,1,88,99,1,0
Karim_End.,1.8876103,0.4444222,22,2019,0,1,3,2,0,0,2,2,2,1,99,99,1,0,1,1,5,0,1,0,1,99,99,1,99,2,2,1,88,99,1,0
Karim_End.,0.3292314,0.3355064,22,2019,0,1,3,2,0,0,2,2,2,1,99,99,1,0,1,1,5,0,1,0,1,99,99,1,99,2,2,1,88,99,1,0
Karim_End.,0.7961556,0.3342798,22,2019,0,1,2,2,0,0,2,2,2,1,99,99,1,0,1,1,5,0,1,0,1,99,99,1,99,2,2,3,88,99,1,0
Karim_End.,1.4271563,0.3929118,22,2019,0,1,3,2,0,0,2,2,2,1,99,99,1,0,1,1,5,0,1,0,1,99,99,1,99,2,2,3,88,99,1,0
Karim_End.,-0.2824068,0.3230654,22,2019,0,1,3,2,0,0,2,2,2,1,99,99,1,0,1,1,5,0,1,0,1,99,99,1,99,2,2,3,88,99,1,0
Karim_Nas.,0.1612159,0.4049668,23,2018,0,1,2,3,0,1,1,2,2,1,99,1,1,1,1,1,5,0,1,1,1,99,1,0,99,0,0,0,88,2,1,0
Karim_Nas.,0.1226661,0.4234802,23,2018,0,1,2,3,0,1,1,2,2,1,99,1,1,1,1,1,5,0,1,1,1,99,1,0,99,0,0,1,88,2,1,0
Karim_Nas.,0.7107223,0.4623706,23,2018,0,1,2,3,0,1,1,2,2,1,99,1,1,1,1,1,5,0,1,1,1,99,1,0,99,0,0,2,88,2,1,0
Kassim_Ng,0.8567882,0.2786005,24,2014,0,1,1,2,99,1,2,2,2,1,99,1,99,99,1,0,5,0,1,1,2,0,0,1,99,2,2,1,88,99,99,0
Kassim_Ng,1.3068494,0.3066048,24,2014,0,1,4,2,99,1,2,2,2,1,99,1,99,99,1,0,5,0,1,1,2,0,0,1,99,2,2,1,88,99,99,0
Kassim_Ng,0.9412334,0.2821071,24,2014,0,1,1,2,99,1,2,2,2,1,99,1,99,99,1,0,5,0,1,1,2,0,0,1,99,2,2,1,88,99,99,0
Kassim_Ng,1.2743159,0.3029637,24,2014,0,1,4,2,99,1,2,2,2,1,99,1,99,99,1,0,5,0,1,1,2,0,0,1,99,2,2,1,88,99,99,0
Mubarak,0.9173249,0.4144792,25,2013,0,1,1,4,1,2,2,2,2,0,0,1,1,1,1,0,77,1,1,0,1,99,0,1,99,0,0,0,88,2,1,0
Mubarak,0.1020844,0.3758088,25,2013,0,1,4,4,1,2,2,2,2,0,0,1,1,1,1,0,77,1,1,0,1,99,0,1,99,0,0,0,88,2,1,0
Mubarak,0.7551883,0.4721977,25,2013,0,2,1,4,1,2,2,2,2,0,0,1,1,1,1,0,77,1,1,0,1,99,0,1,99,0,0,0,88,2,1,0
Mubarak,1.1760335,0.5315019,25,2013,0,2,4,4,1,2,2,2,2,0,0,1,1,1,1,0,77,1,1,0,1,99,0,1,99,0,0,0,88,2,1,0
Mubarak,0.5287748,0.458119,25,2013,0,3,1,4,1,2,2,2,2,0,0,1,1,1,1,0,77,1,1,0,1,99,0,1,99,0,0,0,88,2,1,0
Mubarak,-0.1189049,0.4172375,25,2013,0,3,4,4,1,2,2,2,2,0,0,1,1,1,1,0,77,1,1,0,1,99,0,1,99,0,0,0,88,2,1,0
Mubarak,-0.0883446,0.3988416,25,2013,0,4,1,4,1,2,2,2,2,0,0,1,1,1,1,0,77,1,1,0,1,99,0,1,99,0,0,0,88,2,1,0
Mubarak,0.539087,0.4479235,25,2013,0,4,4,4,1,2,2,2,2,0,0,1,1,1,1,0,77,1,1,0,1,99,0,1,99,0,0,0,88,2,1,0
Mubarak,0.9850886,0.3946158,25,2013,0,1,1,4,1,2,2,2,2,0,0,1,1,1,1,0,77,1,1,0,1,99,0,1,99,0,0,1,88,2,1,0
Mubarak,0.7408177,0.3907914,25,2013,0,1,4,4,1,2,2,2,2,0,0,1,1,1,1,0,77,1,1,0,1,99,0,1,99,0,0,1,88,2,1,0
Mubarak,-0.492668,0.4258486,25,2013,0,2,1,4,1,2,2,2,2,0,0,1,1,1,1,0,77,1,1,0,1,99,0,1,99,0,0,1,88,2,1,0
Mubarak,-1.3695479,0.5306183,25,2013,0,2,4,4,1,2,2,2,2,0,0,1,1,1,1,0,77,1,1,0,1,99,0,1,99,0,0,1,88,2,1,0
Mubarak,0.2064641,0.3985795,25,2013,0,3,1,4,1,2,2,2,2,0,0,1,1,1,1,0,77,1,1,0,1,99,0,1,99,0,0,1,88,2,1,0
Mubarak,-0.1587712,0.3887653,25,2013,0,3,4,4,1,2,2,2,2,0,0,1,1,1,1,0,77,1,1,0,1,99,0,1,99,0,0,1,88,2,1,0
Mubarak,-0.3610557,0.4024929,25,2013,0,4,1,4,1,2,2,2,2,0,0,1,1,1,1,0,77,1,1,0,1,99,0,1,99,0,0,1,88,2,1,0
Mubarak,0.2661353,0.4426623,25,2013,0,4,4,4,1,2,2,2,2,0,0,1,1,1,1,0,77,1,1,0,1,99,0,1,99,0,0,1,88,2,1,0
Munoz,0.4898987,0.3342418,26,2011,1,1,2,3,2,2,2,2,2,99,99,99,1,0,0,0,5,0,1,0,2,1,1,1,1,0,2,2,1,1,1,0
Munoz,-0.1428038,0.3358399,26,2011,1,1,2,3,2,2,2,2,2,99,99,99,1,0,0,0,5,0,1,0,2,1,1,1,1,0,2,1,88,1,1,0
Nakazawa,0.6207107,0.4569297,27,2006,2,1,4,3,1,2,2,2,2,0,99,0,1,1,1,0,6,1,99,99,1,1,0,0,0,0,1,0,88,1,1,0
Nakazawa,0.5270074,0.4538276,27,2006,2,1,4,3,1,2,2,2,2,0,99,0,1,1,1,0,6,1,99,99,1,1,0,0,0,0,1,2,1,1,1,0
Nakazawa,0.2072256,0.459612,27,2006,2,1,4,3,1,2,2,2,2,0,99,0,1,1,1,0,6,1,99,99,1,1,0,0,0,0,1,15,88,1,1,0
Nemati_etal,4.6135844,0.5370343,28,2019,2,1,2,3,0,1,2,3,1,0,0,0,1,1,1,0,77,1,1,0,99,0,99,1,0,3,2,0,88,1,1,0
Nemati_etal,2.3758261,0.3626935,28,2019,2,1,3,3,0,1,2,3,1,0,0,0,1,1,1,0,77,1,1,0,99,0,99,1,0,3,2,0,88,1,1,0
Nemati_etal,5.0930621,0.5776873,28,2019,2,1,2,3,0,1,2,3,1,0,0,0,1,1,1,0,77,1,1,0,99,0,99,1,0,3,2,1,88,1,1,0
Nemati_etal,2.8685424,0.5280684,28,2019,2,1,3,3,0,1,2,3,1,0,0,0,1,1,1,0,77,1,1,0,99,0,99,1,0,3,2,1,88,1,1,0
Nusrat.etal.,-0.2210411,0.284009,29,2019,0,1,4,2,2,0,2,2,2,99,99,99,0,1,1,0,5,0,1,0,99,99,0,0,1,1,1,2,1,0,1,0
Nusrat.etal.,-0.1870419,0.2983482,29,2019,0,2,4,2,2,0,2,2,2,99,99,99,0,1,1,0,5,0,1,0,99,99,0,0,1,2,1,2,1,0,1,0
Nusrat.etal.,1.5176774,0.3381097,29,2019,0,3,4,2,2,0,2,2,2,99,99,99,0,1,1,0,5,0,1,0,99,99,0,0,1,3,1,2,1,0,1,0
Pariyto_Cah.,1.2414784,0.5088892,30,2016,1,1,1,4,1,0,2,2,2,1,99,99,1,0,1,1,2,0,1,0,2,99,99,0,0,0,0,0,88,2,1,0
Pariyto_Cah.,0.0505857,0.4105377,30,2016,1,1,3,4,1,0,2,2,2,1,99,99,1,0,1,1,2,0,1,0,2,99,99,0,0,0,0,0,88,2,1,0
Parreno,0.3399538,0.3525827,31,2015,1,1,2,4,99,0,2,2,2,1,99,0,1,1,1,0,6,0,1,0,1,99,0,0,1,0,1,1,88,99,1,0
Parreno,-0.2291886,0.3701226,31,2015,1,2,2,4,99,0,2,2,2,1,99,0,1,1,1,0,6,0,1,0,1,99,0,0,1,0,1,1,88,99,1,0
Parreno,0.8055968,0.3715005,31,2015,1,3,2,4,99,0,2,2,2,1,99,0,1,1,1,0,6,0,1,0,1,99,0,0,1,0,1,1,88,99,1,0
Parreno,0.0350135,0.3382591,31,2015,1,4,2,4,99,0,2,2,2,1,99,0,1,1,1,0,6,0,1,0,1,99,0,0,1,0,1,1,88,99,1,0
Parreno,0.050964,0.3686097,31,2015,1,1,2,4,99,0,2,2,2,1,99,0,1,1,1,0,6,0,1,0,1,99,0,0,1,0,1,0,88,99,1,0
Parreno,1.6658645,0.4349829,31,2015,1,2,2,4,99,0,2,2,2,1,99,0,1,1,1,0,6,0,1,0,1,99,0,0,1,0,1,0,88,99,1,0
Parreno,0.5851286,0.3520604,31,2015,1,3,2,4,99,0,2,2,2,1,99,0,1,1,1,0,6,0,1,0,1,99,0,0,1,0,1,0,88,99,1,0
Parreno,0.774272,0.3851694,31,2015,1,4,2,4,99,0,2,2,2,1,99,0,1,1,1,0,6,0,1,0,1,99,0,0,1,0,1,0,88,99,1,0
Parreno,2.2151856,0.4490442,31,2015,1,1,2,4,99,0,2,2,2,1,99,0,1,1,1,0,6,0,1,0,1,99,0,0,1,0,1,2,1,99,1,0
Parreno,0.6304444,0.3681708,31,2015,1,2,2,4,99,0,2,2,2,1,99,0,1,1,1,0,6,0,1,0,1,99,0,0,1,0,1,2,1,99,1,0
Parreno,0.7242867,0.4176332,31,2015,1,3,2,4,99,0,2,2,2,1,99,0,1,1,1,0,6,0,1,0,1,99,0,0,1,0,1,2,1,99,1,0
Parreno,1.2481171,0.4084954,31,2015,1,4,2,4,99,0,2,2,2,1,99,0,1,1,1,0,6,0,1,0,1,99,0,0,1,0,1,2,1,99,1,0
Pash.,0.9000682,0.3576371,32,2017,1,1,1,2,1,0,2,2,2,1,2,99,0,0,1,0,7,1,1,0,1,0,99,1,0,0,1,0,88,1,0,0
Pash.,0.2032657,0.3420115,32,2017,1,1,3,2,1,0,2,2,2,1,2,99,0,0,1,0,7,1,1,0,1,0,99,1,0,0,1,0,88,1,0,0
Pash.,0.9216269,0.4087957,32,2017,1,1,1,2,1,0,2,2,2,1,2,99,0,0,1,0,7,1,1,0,1,0,99,1,0,0,1,0,88,1,0,0
Pash.,0.1405257,0.3132685,32,2017,1,1,3,2,1,0,2,2,2,1,2,99,0,0,1,0,7,1,1,0,1,0,99,1,0,0,1,0,88,1,0,0
Pash.,-0.0758471,0.3323983,32,2017,1,1,1,2,1,0,2,2,2,1,2,99,0,0,1,0,7,1,1,0,1,0,99,1,0,0,1,0,88,1,1,0
Pash.,0.0016441,0.3402853,32,2017,1,1,3,2,1,0,2,2,2,1,2,99,0,0,1,0,7,1,1,0,1,0,99,1,0,0,1,0,88,1,1,0
Polio_etal,0.0902697,0.2560771,33,1998,0,1,2,4,0,1,1,2,2,99,99,1,1,0,1,0,6,0,1,0,99,1,1,2,99,0,0,99,0,99,1,0
Polio_etal,0.3222086,0.2523407,33,1998,0,2,2,4,0,1,1,2,2,99,99,1,1,0,1,0,6,0,1,0,99,1,1,2,99,0,0,99,0,99,1,0
Rahimi,0.1282604,0.2992541,34,2009,1,1,3,3,1,1,2,2,2,1,99,99,99,1,1,0,2,0,0,0,2,99,99,0,99,0,0,2,0,1,1,0
Rummel_Bitc.,1.0154921,0.5159586,35,2015,0,1,2,2,1,0,2,3,2,2,99,1,0,0,0,0,6,0,1,0,2,99,99,1,99,3,2,0,0,99,2,0
Rummel_Bitc.,0.926303,0.5039179,35,2015,0,1,3,2,1,0,2,3,2,2,99,1,0,0,0,0,6,0,1,0,2,99,99,1,99,3,2,0,0,99,2,0
Rummel_Bitc.,1.4079327,0.554078,35,2015,0,1,2,2,1,0,2,3,2,2,99,1,0,0,0,0,6,0,1,0,2,99,99,1,99,3,2,2,0,99,2,0
Rummel_Bitc.,0.6507771,0.4744231,35,2015,0,1,3,2,1,0,2,3,2,2,99,1,0,0,0,0,6,0,1,0,2,99,99,1,99,3,2,2,0,99,2,0
Rummel_Bitc.,0.5978469,0.4692045,35,2015,0,1,2,2,1,0,2,3,2,2,99,1,0,0,0,0,6,0,1,0,2,99,99,1,99,3,2,3,0,99,2,0
Rummel_Bitc.,0.8492649,0.4807776,35,2015,0,1,3,2,1,0,2,3,2,2,99,1,0,0,0,0,6,0,1,0,2,99,99,1,99,3,2,3,0,99,2,0
Seiff_ElSak,4.0093611,0.7382723,36,2017,0,1,2,4,99,0,2,2,2,99,99,99,1,1,1,0,2,0,1,0,99,2,0,4,1,0,0,15,0,99,99,0
Sheen_a,0.3857008,0.2801045,37,2007,0,1,1,2,1,1,1,2,2,1,99,99,99,99,1,0,6,1,1,0,0,0,0,0,99,1,2,0,88,1,0,0
Sheen_a,0.5686759,0.2865028,37,2007,0,1,3,2,1,1,1,2,2,1,99,99,99,99,1,0,6,1,1,0,0,0,0,0,99,1,2,0,88,1,0,0
Sheen_a,0.3256147,0.2784115,37,2007,0,1,1,2,1,1,1,2,2,1,99,99,99,99,1,0,6,1,1,0,0,0,0,0,99,1,2,8,88,1,0,0
Sheen_a,0.8398197,0.3036178,37,2007,0,1,3,2,1,1,1,2,2,1,99,99,99,99,1,0,6,1,1,0,0,0,0,0,99,1,2,8,88,1,0,0
Sheen_b,0.8279999,0.3017331,38,2010,3,1,1,1,1,1,1,2,2,1,99,99,0,99,1,0,6,0,1,0,99,0,0,1,99,1,2,0,88,0,2,0
Sheen_b,0.7615711,0.2947318,38,2010,3,1,3,1,1,1,1,2,2,1,99,99,0,99,1,0,6,0,1,0,99,0,0,1,99,1,2,0,88,0,2,0
Sheen_b,0.8854389,0.2997835,38,2010,3,1,1,1,1,1,1,2,2,1,99,99,0,99,1,0,6,0,1,0,99,0,0,1,99,1,2,8,88,0,2,0
Sheen_b,1.1292692,0.3134501,38,2010,3,1,3,1,1,1,1,2,2,1,99,99,0,99,1,0,6,0,1,0,99,0,0,1,99,1,2,8,88,0,2,0
Sheen_etal,0.7071197,0.4039797,39,2009,3,1,2,2,1,1,1,2,2,1,2,99,0,99,0,0,6,0,1,0,99,99,99,4,99,1,2,0,88,0,1,0
Sheen_etal,-0.3736234,0.3363308,39,2009,3,1,3,2,1,1,1,2,2,1,2,99,0,99,0,0,6,0,1,0,99,99,99,4,99,1,2,0,88,0,1,0
Sheen_etal,0.9267538,0.4083886,39,2009,3,1,2,2,1,1,1,2,2,1,2,99,0,99,0,0,6,0,1,0,99,99,99,4,99,1,1,0,88,0,1,0
Sheen_etal,-0.1539893,0.3416138,39,2009,3,1,3,2,1,1,1,2,2,1,2,99,0,99,0,0,6,0,1,0,99,99,99,4,99,1,1,0,88,0,1,0
Sheen_etal,0.2861857,0.3662105,39,2009,0,2,2,2,1,1,1,2,2,1,2,99,0,99,0,0,6,0,1,0,99,99,99,4,99,1,2,0,88,0,1,0
Sheen_etal,0.4743975,0.3843758,39,2009,0,2,3,2,1,1,1,2,2,1,2,99,0,99,0,0,6,0,1,0,99,99,99,4,99,1,2,0,88,0,1,0
Sheen_etal,0.5058198,0.3710684,39,2009,0,2,2,2,1,1,1,2,2,1,2,99,0,99,0,0,6,0,1,0,99,99,99,4,99,1,1,0,88,0,1,0
Sheen_etal,0.6940316,0.3890069,39,2009,0,2,3,2,1,1,1,2,2,1,2,99,0,99,0,0,6,0,1,0,99,99,99,4,99,1,1,0,88,0,1,0
Sheen_etal,0.7720833,0.4039116,39,2009,3,3,2,2,1,1,1,2,2,1,2,99,0,99,0,0,6,0,1,0,99,99,99,4,99,0,1,0,88,0,1,0
Sheen_etal,0.0125607,0.3459167,39,2009,3,3,3,2,1,1,1,2,2,1,2,99,0,99,0,0,6,0,1,0,99,99,99,4,99,0,1,0,88,0,1,0
Sheen_etal,-0.322915,0.5238849,39,2009,3,3,2,2,1,1,1,2,2,1,2,99,0,99,0,0,6,0,1,0,99,99,99,4,99,1,2,0,88,0,1,0
Sheen_etal,-1.0824376,0.4805925,39,2009,3,3,3,2,1,1,1,2,2,1,2,99,0,99,0,0,6,0,1,0,99,99,99,4,99,1,2,0,88,0,1,0
Sheen_etal,0.4558268,0.3727207,39,2009,0,4,2,2,1,1,1,2,2,1,2,99,0,99,0,0,6,0,1,0,99,99,99,4,99,0,1,0,88,0,1,0
Sheen_etal,0.3870768,0.3723458,39,2009,0,4,3,2,1,1,1,2,2,1,2,99,0,99,0,0,6,0,1,0,99,99,99,4,99,0,1,0,88,0,1,0
Sheen_etal,-0.6391715,0.5002314,39,2009,0,4,2,2,1,1,1,2,2,1,2,99,0,99,0,0,6,0,1,0,99,99,99,4,99,1,2,0,88,0,1,0
Sheen_etal,-0.7079216,0.4999521,39,2009,0,4,3,2,1,1,1,2,2,1,2,99,0,99,0,0,6,0,1,0,99,99,99,4,99,1,2,0,88,0,1,0
Shint_Ellis,1.2323605,0.447873,40,2013,0,1,2,1,0,1,1,2,2,1,99,99,1,1,1,0,5,1,1,0,99,0,99,1,99,1,2,3,88,1,1,0
Shint_Ellis,0.6011111,0.3731755,40,2013,0,1,2,1,0,1,1,2,2,1,99,99,1,1,1,0,5,1,1,0,99,0,99,1,99,1,2,3,88,1,1,0
Shint_Ellis,0.0519818,0.3751495,40,2013,0,1,2,1,0,1,1,2,2,1,99,99,1,1,1,0,5,1,1,0,99,0,99,1,99,1,2,0,88,1,1,0
Shint_Ellis,0.2509581,0.3664101,40,2013,0,1,2,1,0,1,1,2,2,1,99,99,1,1,1,0,5,1,1,0,99,0,99,1,99,1,2,0,88,1,1,0
Sob_Taybi,0.2483885,0.3745237,41,2015,0,1,2,1,99,0,2,3,99,1,99,99,0,0,1,1,5,0,1,0,99,99,0,4,99,0,0,1,88,1,99,0
Sob_Taybi,0.4192391,0.3832278,41,2015,0,1,2,1,99,0,2,3,99,1,99,99,0,0,1,1,5,0,1,0,99,99,0,4,99,0,1,1,88,1,99,0
Stefan_Revesz,-0.4877348,0.2737911,42,2015,3,1,1,2,0,1,2,1,1,1,99,99,1,1,0,0,7,1,0,0,99,0,99,4,99,1,2,0,88,99,2,0
Stefan_Revesz,0.1271268,0.2906515,42,2015,3,1,2,2,0,1,2,1,1,1,99,99,1,1,0,0,7,1,0,0,99,0,99,4,99,1,2,0,88,99,2,0
Stefan_Revesz,2.0438835,0.3480818,42,2015,3,2,1,2,0,1,2,1,1,1,99,99,1,1,0,0,7,1,0,0,99,0,99,4,99,1,2,0,88,99,2,0
Stefan_Revesz,1.8026304,0.3279294,42,2015,3,2,2,2,0,1,2,1,1,1,99,99,1,1,0,0,7,1,0,0,99,0,99,4,99,1,2,0,88,99,2,0
Stefan_Revesz,-0.1259811,0.2674519,42,2015,3,1,1,2,0,1,2,1,1,1,99,99,1,1,0,0,7,1,0,0,99,0,99,4,99,1,2,8,88,99,2,0
Stefan_Revesz,0.5082738,0.2908668,42,2015,3,1,2,2,0,1,2,1,1,1,99,99,1,1,0,0,7,1,0,0,99,0,99,4,99,1,2,8,88,99,2,0
Stefan_Revesz,1.973196,0.3581896,42,2015,3,2,1,2,0,1,2,1,1,1,99,99,1,1,0,0,7,1,0,0,99,0,99,4,99,1,2,8,88,99,2,0
Stefan_Revesz,1.8589556,0.3477951,42,2015,3,2,2,2,0,1,2,1,1,1,99,99,1,1,0,0,7,1,0,0,99,0,99,4,99,1,2,8,88,99,2,0
Sun,0.7362874,0.4880208,43,2013,1,1,3,3,1,2,2,2,2,1,99,1,1,0,1,0,5,0,0,1,2,0,1,1,99,10,2,8,0,0,1,0
Sun,0.0949114,0.4297617,43,2013,1,1,3,3,1,2,2,2,2,1,99,1,1,0,1,0,5,0,0,1,2,0,1,1,99,0,0,3,1,0,1,0
Tanveer.etal,1.77505,0.5702058,44,2018,0,1,1,1,99,0,2,1,1,1,99,99,1,1,1,0,5,0,1,0,99,99,99,0,99,10,1,8,88,99,1,0
Tanveer.etal,1.7324003,0.5639178,44,2018,0,1,2,1,99,0,2,1,1,1,99,99,1,1,1,0,5,0,1,0,99,99,99,0,99,10,1,8,88,99,1,0
Tanveer.etal,1.8307764,0.5621033,44,2018,0,1,1,1,99,0,2,1,1,1,99,99,1,1,1,0,5,0,1,0,99,99,99,0,99,10,1,3,88,99,1,0
Tanveer.etal,1.3752402,0.5178156,44,2018,0,1,2,1,99,0,2,1,1,1,99,99,1,1,1,0,5,0,1,0,99,99,99,0,99,10,1,3,88,99,1,0
Trscott_Hsu,-0.0827458,0.3412078,45,2008,0,1,2,3,1,1,2,2,2,1,99,1,0,99,0,1,5,0,1,0,1,99,0,0,99,0,0,1,88,1,1,0
VanBe_Jng_Ken,-0.8911023,0.3758384,46,2008,2,1,2,1,99,0,2,1,1,99,99,99,1,1,0,0,2,1,1,0,1,0,0,0,0,0,0,0,88,88,1,0
VanBe_Jng_Ken,0.2493989,0.3570403,46,2008,2,1,2,1,99,0,2,1,1,99,99,99,1,1,0,0,2,1,1,0,1,0,0,0,0,0,0,2,1,88,1,0
VanBe_Jng_Ken,-1.3161183,0.4266433,46,2008,0,2,2,1,99,0,2,1,1,99,99,99,1,1,0,0,2,1,1,0,1,0,0,0,0,0,0,0,88,88,1,0
VanBe_Jng_Ken,-0.1756171,0.4101802,46,2008,0,2,2,1,99,0,2,1,1,99,99,99,1,1,0,0,2,1,1,0,1,0,0,0,0,0,0,2,1,88,1,0
VanBe_Jng_Ken,-1.0457147,0.3657065,46,2008,2,3,2,1,99,0,2,1,1,99,99,99,1,1,0,0,2,1,1,0,1,0,0,0,0,0,0,0,88,88,1,0
VanBe_Jng_Ken,-0.2850271,0.3514128,46,2008,2,3,2,1,99,0,2,1,1,99,99,99,1,1,0,0,2,1,1,0,1,0,0,0,0,0,0,2,1,88,1,0
VanBe_Jng_Ken,-0.7674492,0.3761727,46,2008,0,4,2,1,99,0,2,1,1,99,99,99,1,1,0,0,2,1,1,0,1,0,0,0,0,0,0,0,88,88,1,0
VanBe_Jng_Ken,-0.0067616,0.3622921,46,2008,0,4,2,1,99,0,2,1,1,99,99,99,1,1,0,0,2,1,1,0,1,0,0,0,0,0,0,2,1,88,1,0
VanBe_Jng_KenA,0.8167145,0.2398136,47,2012,2,1,3,1,99,1,2,1,1,77,99,99,1,1,1,1,2,1,1,0,1,0,0,0,0,0,0,0,88,88,1,0
VanBe_Jng_KenA,0.1456308,0.2336654,47,2012,2,1,3,1,99,1,2,1,1,77,99,99,1,1,1,1,2,1,1,0,1,0,0,0,0,0,0,2,1,88,1,0
VanBe_Jng_KenA,1.1213677,0.2645264,47,2012,0,2,3,1,99,1,2,1,1,77,99,99,1,1,1,1,2,1,1,0,1,0,0,0,0,0,0,0,88,88,1,0
VanBe_Jng_KenA,0.450284,0.2589655,47,2012,0,2,3,1,99,1,2,1,1,77,99,99,1,1,1,1,2,1,1,0,1,0,0,0,0,0,0,2,1,88,1,0
VanBe_Jng_KenB,0.6750936,0.2571339,48,2012,2,1,2,1,99,1,2,1,1,77,99,99,1,1,1,1,2,1,1,0,1,0,0,0,0,0,0,0,88,88,1,0
VanBe_Jng_KenB,0.0686021,0.2640826,48,2012,2,1,3,1,99,1,2,1,1,77,99,99,1,1,1,1,2,1,1,0,1,0,0,0,0,0,0,0,88,88,1,0
VanBe_Jng_KenB,0.7816304,0.2588301,48,2012,2,1,2,1,99,1,2,1,1,77,99,99,1,1,1,1,2,1,1,0,1,0,0,0,0,0,0,2,1,88,1,0
VanBe_Jng_KenB,0.175139,0.2657344,48,2012,2,1,3,1,99,1,2,1,1,77,99,99,1,1,1,1,2,1,1,0,1,0,0,0,0,0,0,2,1,88,1,0
VanBe_Jng_KenB,0.4659922,0.2522849,48,2012,0,2,2,1,99,1,2,1,1,77,99,99,1,1,1,1,2,1,1,0,1,0,0,0,0,0,0,0,88,88,1,0
VanBe_Jng_KenB,0.138741,0.2669933,48,2012,0,2,3,1,99,1,2,1,1,77,99,99,1,1,1,1,2,1,1,0,1,0,0,0,0,0,0,0,88,88,1,0
VanBe_Jng_KenB,0.4843428,0.2526881,48,2012,0,2,2,1,99,1,2,1,1,77,99,99,1,1,1,1,2,1,1,0,1,0,0,0,0,0,0,2,1,88,1,0
VanBe_Jng_KenB,0.1570916,0.2673744,48,2012,0,2,3,1,99,1,2,1,1,77,99,99,1,1,1,1,2,1,1,0,1,0,0,0,0,0,0,2,1,88,1,0
Wagner,0.4161491,0.3240256,49,2016,1,1,3,3,1,2,2,1,1,2,0,99,0,0,0,0,2,0,1,0,2,0,99,4,1,0,0,2,1,1,1,0
Wang,0.6781531,0.2851414,50,2017,1,1,3,3,0,0,2,2,2,99,99,99,0,0,0,0,2,0,1,0,3,2,99,0,99,0,0,1,88,1,1,0
Wang,0.5380784,0.2767626,50,2017,1,1,3,3,0,0,2,2,2,99,99,99,0,0,0,0,2,0,1,0,3,2,99,0,99,0,0,0,88,1,1,0
Yu_Cheng,0.6004887,0.2700731,51,2017,1,1,1,3,0,0,2,2,2,1,99,0,0,1,1,0,2,1,1,0,1,0,1,1,99,1,2,8,88,0,1,0
Yu_Cheng,0.3869611,0.2671758,51,2017,1,1,2,3,0,0,2,2,2,1,99,0,0,1,1,0,2,1,1,0,1,0,1,1,99,1,2,8,88,0,1,0
Zhang,-0.8209664,0.3198808,52,2017,0,1,2,2,2,1,2,2,2,1,99,99,1,1,1,0,2,1,1,0,2,2,1,0,99,0,0,0,88,1,2,0
Zhang,-0.7342465,0.3112923,52,2017,0,1,3,2,2,1,2,2,2,1,99,99,1,1,1,0,2,1,1,0,2,2,1,0,99,0,0,0,88,1,2,0
