study.name,dint,SD,id,YofPub,cont.type,time,treatments,cf.timely,ssci,setting,ed.level,Age,profic,motivation,Ss.aware,random.grp,equiv.grp,rel.inter,rel.intra,genre,sourced,timed,Location,Length,instruction,graded,acc.measure,cf.training,error.type,cf.scope,cf.type,error.key,cf.provider,cf.revision,cf.oral
Al.Ahm_Al.Jar,0.533733731,0.419549196,1,2015,1,1,2,1,0,2,2,2,1,99,99,0,0,1,0,5,0,1,0,99,1,99,11,99,3,2,0,88,0,0,0
Al.Ahm_Al.Jar,0.296116599,0.40397315,1,2015,1,4,2,1,0,2,2,2,1,99,99,0,0,1,0,5,0,1,0,99,1,99,11,99,3,2,0,88,0,0,0
Al.Ahm_Al.Jar,-0.155386371,0.421485533,1,2015,1,1,2,1,0,2,2,2,1,99,99,0,0,1,0,5,0,1,0,99,1,99,11,99,3,2,8,88,0,0,1
Al.Ahm_Al.Jar,0.131015334,0.439153803,1,2015,1,4,2,1,0,2,2,2,1,99,99,0,0,1,0,5,0,1,0,99,1,99,11,99,3,2,8,88,0,0,1
Al_Ajmi,3.444226818,0.219129904,2,2015,1,1,2,0,0,2,2,2,1,99,99,0,1,1,99,9,0,99,99,0,99,99,10,99,2,2,8,88,0,99,1
Al_Ajmi,4.376457433,0.213224191,2,2015,1,2,2,0,0,2,2,2,1,99,99,0,1,1,99,9,0,99,99,0,99,99,10,99,2,2,8,88,0,99,1
Bitc_Knch_a,0.874010738,0.368270589,3,2008,0,1,1,1,1,1,2,2,1,99,1,0,1,1,0,5,0,1,0,99,99,99,1,99,1,2,8,88,99,2,1
Bitc_Knch_a,1.285396952,0.393737348,3,2008,0,4,1,1,1,1,2,2,1,99,1,0,1,1,0,5,0,1,0,99,99,99,1,99,1,2,8,88,99,2,1
Bitc_Knch_a,1.381604308,0.388489925,3,2008,0,1,1,1,1,1,2,2,1,99,1,0,1,1,0,5,0,1,0,99,99,99,1,99,1,2,8,88,99,2,0
Bitc_Knch_a,0.395443907,0.373664141,3,2008,0,4,1,1,1,1,2,2,1,99,1,0,1,1,0,5,0,1,0,99,99,99,1,99,1,2,8,88,99,2,0
Bitc_Knch_a,0.684121545,0.393666584,3,2008,0,1,1,1,1,1,2,2,1,99,1,0,1,1,0,5,0,1,0,99,99,99,1,99,1,2,0,88,99,2,0
Bitc_Knch_a,0.840489804,0.394759484,3,2008,0,4,1,1,1,1,2,2,1,99,1,0,1,1,0,5,0,1,0,99,99,99,1,99,1,2,0,88,99,2,0
Bitc_Knch_b,0.685256679,0.440593309,4,2010,0,1,1,1,1,1,2,2,2,2,1,0,1,1,0,5,0,1,0,99,0,99,1,99,1,2,3,88,99,2,0
Bitc_Knch_b,0.284456897,0.350313263,4,2010,0,4,1,1,1,1,2,2,2,2,1,0,1,1,0,5,0,1,0,99,0,99,1,99,1,2,3,88,99,2,0
Bitc_Knch_b,0.932902039,0.464902149,4,2010,0,1,1,1,1,1,2,2,2,2,1,0,1,1,0,5,0,1,0,99,0,99,1,99,1,2,1,88,99,2,0
Bitc_Knch_b,0.723050548,0.438108912,4,2010,0,4,1,1,1,1,2,2,2,2,1,0,1,1,0,5,0,1,0,99,0,99,1,99,1,2,1,88,99,2,0
Bitc_Knch_b,0.260037973,0.352212255,4,2010,0,1,1,1,1,1,2,2,2,2,1,0,1,1,0,5,0,1,0,99,0,99,1,99,1,2,3,88,99,2,1
Bitc_Knch_b,1.075747788,0.467628038,4,2010,0,4,1,1,1,1,2,2,2,2,1,0,1,1,0,5,0,1,0,99,0,99,1,99,1,2,3,88,99,2,1
Bitc_Knch_c,2.235800489,0.658855035,5,2010,0,1,1,1,1,1,2,2,1,99,1,1,1,1,0,5,0,1,0,99,1,99,1,0,1,2,8,88,99,0,1
Bitc_Knch_c,1.285650501,0.52019826,5,2010,0,4,1,1,1,1,2,2,1,99,1,1,1,1,0,5,0,1,0,99,1,99,1,0,1,2,8,88,99,0,1
Bitc_Knch_c,0.741619418,0.460084222,5,2010,0,4,1,1,1,1,2,2,1,99,1,1,1,1,0,5,0,1,0,99,1,99,1,0,1,2,8,88,99,0,1
Bitc_Knch_c,1.774779308,0.504066024,5,2010,0,4,1,1,1,1,2,2,1,99,1,1,1,1,0,5,0,1,0,99,1,99,1,0,1,2,8,88,99,0,1
Bitc_Knch_c,1.527499294,0.478111452,5,2010,0,1,1,1,1,1,2,2,1,99,1,1,1,1,0,5,0,1,0,99,0,99,1,0,1,2,8,88,99,0,0
Bitc_Knch_c,1.329490266,0.459477841,5,2010,0,4,1,1,1,1,2,2,1,99,1,1,1,1,0,5,0,1,0,99,0,99,1,0,1,2,8,88,99,0,0
Bitc_Knch_c,1.749524376,0.54998429,5,2010,0,4,1,1,1,1,2,2,1,99,1,1,1,1,0,5,0,1,0,99,0,99,1,0,1,2,8,88,99,0,0
Bitc_Knch_c,1.402530981,0.500508834,5,2010,0,4,1,1,1,1,2,2,1,99,1,1,1,1,0,5,0,1,0,99,0,99,1,0,1,2,8,88,99,0,0
Bitc_Knch_c,0.93191144,0.450390849,5,2010,0,1,1,1,1,1,2,2,1,99,1,1,1,1,0,5,0,1,0,99,0,99,1,0,1,2,0,88,99,0,0
Bitc_Knch_c,2.536171756,0.641723831,5,2010,0,4,1,1,1,1,2,2,1,99,1,1,1,1,0,5,0,1,0,99,0,99,1,0,1,2,0,88,99,0,0
Bitc_Knch_c,1.982114352,0.544987648,5,2010,0,4,1,1,1,1,2,2,1,99,1,1,1,1,0,5,0,1,0,99,0,99,1,0,1,2,0,88,99,0,0
Bitc_Knch_c,1.316569345,0.469373822,5,2010,0,4,1,88,1,1,2,2,1,99,1,1,1,1,0,5,0,1,0,99,0,99,1,0,88,88,88,88,99,0,0
Bitc_Yng_Cmrn,0.659280404,0.347282034,6,2005,1,3,3,99,1,1,3,2,1,99,99,0,99,1,0,1,0,1,0,2,2,1,1,99,2,1,8,88,1,99,1
Bitc_Yng_Cmrn,-0.493579287,0.375155292,6,2005,1,3,3,99,1,1,3,2,1,99,99,0,99,1,0,1,0,1,0,2,2,1,1,99,3,1,8,88,1,99,1
Bitc_Yng_Cmrn,-0.515658588,0.349057714,6,2005,1,3,3,99,1,1,3,2,1,99,99,0,99,1,0,1,0,1,0,2,2,1,1,99,1,1,8,88,1,99,1
Bitc_Yng_Cmrn,-0.697550641,0.357860062,6,2005,1,3,3,99,1,1,3,2,1,99,99,0,99,1,0,1,0,1,0,2,2,1,1,99,2,1,0,88,1,99,0
Bitc_Yng_Cmrn,0.947639862,0.356971927,6,2005,1,3,3,99,1,1,3,2,1,99,99,0,99,1,0,1,0,1,0,2,2,1,1,99,3,1,0,88,1,99,0
Bitc_Yng_Cmrn,0.011029969,0.351247133,6,2005,1,3,3,99,1,1,3,2,1,99,99,0,99,1,0,1,0,1,0,2,2,1,1,99,1,1,0,88,1,99,0
Bonilla.etal,1.246187675,0.303416323,7,2018,2,1,2,0,1,2,2,2,1,2,99,1,2,1,0,2,1,1,0,1,99,1,0,0,0,0,0,88,1,1,0
Bonilla.etal,0.809034722,0.28133432,7,2018,2,3,2,0,1,2,2,2,1,2,99,1,2,1,0,2,1,1,0,1,99,1,0,0,0,0,0,88,1,1,0
Bonilla.etal,1.623845361,0.32033179,7,2018,2,1,2,0,1,2,2,2,1,2,99,1,2,1,0,2,1,1,0,1,99,1,0,0,0,0,2,1,1,1,0
Bonilla.etal,0.922018218,0.28324944,7,2018,2,3,2,0,1,2,2,2,1,2,99,1,2,1,0,2,1,1,0,1,99,1,0,0,0,0,2,1,1,1,0
Brown,0.557805006,0.230370563,8,2017,1,2,5,0,2,2,2,2,1,2,1,0,1,1,0,2,0,1,0,3,0,1,0,1,10,1,0,88,1,1,0
Brown,0.593319027,0.229979758,8,2017,1,2,5,0,2,2,2,2,1,2,1,0,1,1,0,2,0,1,0,3,0,1,0,1,10,1,0,88,1,1,0
Brown,0.41560229,0.222311266,8,2017,1,2,5,0,2,2,2,2,1,2,1,0,1,1,0,2,0,1,0,3,0,1,0,1,1,1,0,88,1,1,0
Brown,-0.13246521,0.222894936,8,2017,1,2,5,0,2,2,2,2,1,2,1,0,1,1,0,2,0,1,0,3,0,1,0,1,1,1,0,88,1,1,0
Brown,0.392256498,0.221850599,8,2017,1,2,5,0,2,2,2,2,1,2,1,0,1,1,0,2,0,1,0,3,0,1,0,1,10,1,0,88,1,1,0
Brown,0.283194722,0.222464104,8,2017,1,2,5,0,2,2,2,2,1,2,1,0,1,1,0,2,0,1,0,3,0,1,0,1,10,1,0,88,1,1,0
Brown,0.192419522,0.223339567,8,2017,1,2,5,0,2,2,2,2,1,2,1,0,1,1,0,2,0,1,0,3,0,1,0,1,9,1,0,88,1,1,0
Brown,0.07492609,0.216922419,8,2017,1,2,5,0,2,2,2,2,1,2,1,0,1,1,0,2,0,1,0,3,0,1,0,1,9,1,0,88,1,1,0
Brown,0.202292637,0.222304846,8,2017,1,2,5,0,2,2,2,2,1,2,1,0,1,1,0,2,0,1,0,3,0,1,0,1,10,1,2,1,1,1,0
Brown,0.250094003,0.21874723,8,2017,1,2,5,0,2,2,2,2,1,2,1,0,1,1,0,2,0,1,0,3,0,1,0,1,10,1,2,1,1,1,0
Brown,0.026080476,0.217114077,8,2017,1,2,5,0,2,2,2,2,1,2,1,0,1,1,0,2,0,1,0,3,0,1,0,1,1,1,2,1,1,1,0
Brown,0.266946241,0.219507587,8,2017,1,2,5,0,2,2,2,2,1,2,1,0,1,1,0,2,0,1,0,3,0,1,0,1,1,1,2,1,1,1,0
Brown,-0.209151391,0.2224161,8,2017,1,2,5,0,2,2,2,2,1,2,1,0,1,1,0,2,0,1,0,3,0,1,0,1,10,1,2,1,1,1,0
Brown,0.663146847,0.226851439,8,2017,1,2,5,0,2,2,2,2,1,2,1,0,1,1,0,2,0,1,0,3,0,1,0,1,10,1,2,1,1,1,0
Brown,0.079862511,0.22984033,8,2017,1,2,5,0,2,2,2,2,1,2,1,0,1,1,0,2,0,1,0,3,0,1,0,1,9,1,2,1,1,1,0
Brown,0.131716753,0.219929276,8,2017,1,2,5,0,2,2,2,2,1,2,1,0,1,1,0,2,0,1,0,3,0,1,0,1,9,1,2,1,1,1,0
Diab_a,0.319183845,0.353084046,9,2015,2,1,3,0,1,2,2,2,1,99,1,99,99,99,0,2,0,1,0,99,1,0,0,99,8,2,8,1,0,1,0
Diab_a,0.284182247,0.339818102,9,2015,2,4,3,0,1,2,2,2,1,99,1,99,99,99,0,2,0,1,0,99,1,0,0,99,8,2,8,1,0,1,0
Diab_a,0.965836203,0.504462191,9,2015,2,1,3,0,1,2,2,2,1,99,1,99,99,99,0,2,0,1,0,99,1,0,0,99,6,2,8,1,0,1,0
Diab_a,0.262035634,0.405623975,9,2015,2,4,3,0,1,2,2,2,1,99,1,99,99,99,0,2,0,1,0,99,1,0,0,99,6,2,8,1,0,1,0
Diab_a,0.244790562,0.353508864,9,2015,2,1,3,0,1,2,2,2,1,99,1,99,99,99,0,2,0,1,0,99,1,0,0,99,8,2,3,1,0,1,0
Diab_a,0.048659745,0.348240555,9,2015,2,4,3,0,1,2,2,2,1,99,1,99,99,99,0,2,0,1,0,99,1,0,0,99,8,2,3,1,0,1,0
Diab_a,1.261932069,0.492968657,9,2015,2,1,3,0,1,2,2,2,1,99,1,99,99,99,0,2,0,1,0,99,1,0,0,99,6,2,3,1,0,1,0
Diab_a,0.298658832,0.373062228,9,2015,2,4,3,0,1,2,2,2,1,99,1,99,99,99,0,2,0,1,0,99,1,0,0,99,6,2,3,1,0,1,0
Diab_b,-0.024168502,0.327223764,10,2016,2,1,1,0,1,2,2,2,1,99,1,99,99,1,0,77,1,1,0,99,1,0,0,99,8,2,3,88,2,99,0
Diab_b,0.056862759,0.364542298,10,2016,2,4,1,0,1,2,2,2,1,99,1,99,99,1,0,77,1,1,0,99,1,0,0,99,8,2,3,88,2,99,0
Diab_b,0.354332656,0.343468421,10,2016,2,1,1,0,1,2,2,2,1,99,1,99,99,1,0,77,1,1,0,99,1,0,0,99,6,2,3,88,2,99,0
Diab_b,-0.660567454,0.339928702,10,2016,2,4,1,0,1,2,2,2,1,99,1,99,99,1,0,77,1,1,0,99,1,0,0,99,6,2,3,88,2,99,0
Dlsk_Krlr,0.121189025,0.162041871,11,2013,0,2,2,0,0,2,2,2,1,99,1,1,1,0,0,99,0,1,0,99,0,0,2,99,0,1,1,88,0,1,0
Dlsk_Krlr,0.371773794,0.164949772,11,2013,0,2,2,0,0,2,2,2,1,99,1,1,1,0,0,99,0,1,0,99,0,0,2,99,0,1,1,88,0,1,0
Dlsk_Krlr,0.393664307,0.172514355,11,2013,0,2,2,0,0,2,2,2,1,99,1,1,1,0,0,99,0,1,0,99,0,1,2,99,0,1,1,88,0,1,0
Dlsk_Krlr,0.231431157,0.174124258,11,2013,0,2,2,0,0,2,2,2,1,99,1,1,1,0,0,99,0,1,0,99,0,1,2,99,0,1,1,88,0,1,0
Eki_diGnro,-0.015005115,0.368357562,12,2019,1,1,3,1,1,1,2,2,1,99,0,1,99,1,0,5,0,0,0,99,0,99,1,99,1,2,0,88,99,2,0
Eki_diGnro,0.547737751,0.349092364,12,2019,1,4,3,1,1,1,2,2,1,99,0,1,99,1,0,5,0,0,0,99,0,99,1,99,1,2,0,88,99,2,0
Eki_diGnro,-0.096980711,0.35375778,12,2019,1,1,3,1,1,1,2,2,1,99,0,1,99,1,0,5,0,0,0,99,0,99,1,99,1,2,8,88,99,2,0
Eki_diGnro,0.23525278,0.340023465,12,2019,1,4,3,1,1,1,2,2,1,99,0,1,99,1,0,5,0,0,0,99,0,99,1,99,1,2,8,88,99,2,0
Elis_Sh_Mur_Tak,-0.01302163,0.470637384,13,2008,1,1,3,1,1,2,2,2,1,99,0,99,1,0,0,5,1,0,0,99,0,0,1,99,1,2,0,88,2,2,0
Elis_Sh_Mur_Tak,0.714488556,0.521767557,13,2008,1,3,3,1,1,2,2,2,1,99,0,99,1,0,0,5,1,0,0,99,0,0,1,99,1,2,0,88,2,2,0
Elis_Sh_Mur_Tak,1.885728811,0.651246933,13,2008,1,1,3,1,1,2,2,2,1,99,0,99,1,0,0,5,1,0,0,99,0,0,1,99,1,0,0,88,2,2,0
Elis_Sh_Mur_Tak,1.132933004,0.513516426,13,2008,1,3,3,1,1,2,2,2,1,99,0,99,1,0,0,5,1,0,0,99,0,0,1,99,1,0,0,88,2,2,0
Ev_Hart_StngKras,1.093603367,0.412074886,14,2011,1,2,35,0,1,1,2,2,2,99,99,99,0,1,0,2,0,1,0,1,1,88,3,99,0,0,2,1,0,1,0
Fazio,-0.130891968,0.367202334,15,2001,1,2,99,1,1,1,0,0,77,99,99,1,99,0,0,4,0,0,0,4,99,99,1,99,0,1,0,88,1,2,0
Fazio,-0.546790608,0.387186156,15,2001,1,2,99,1,1,1,0,0,77,99,99,1,99,0,0,4,0,0,0,4,99,99,1,99,0,1,1,88,1,2,0
Frear_Chiu,1.048502535,0.446959765,16,2016,0,1,1,88,1,2,2,2,99,99,1,0,99,1,0,5,1,0,0,99,99,0,14,0,2,2,1,88,1,0,0
Frear_Chiu,1.160978919,0.439340562,16,2016,0,2,1,88,1,2,2,2,99,99,1,0,99,1,0,5,1,0,0,99,99,0,14,0,2,2,1,88,1,0,0
Frear_Chiu,1.050774363,0.438112835,16,2016,0,1,1,88,1,2,2,2,99,99,1,0,99,1,0,5,1,0,0,99,99,0,14,0,2,2,1,88,1,0,0
Frear_Chiu,0.988105134,0.41557129,16,2016,0,2,1,88,1,2,2,2,99,99,1,0,99,1,0,5,1,0,0,99,99,0,14,0,2,2,1,88,1,0,0
Guo,0.634801654,0.288066256,17,2015,1,1,1,0,2,2,2,2,1,99,1,1,1,0,0,5,0,1,0,1,0,0,1,0,0,1,1,88,0,0,0
Guo,0.907663758,0.309887694,17,2015,1,3,1,0,2,2,2,2,1,99,1,1,1,0,0,5,0,1,0,1,0,0,1,0,0,NA,1,88,0,0,0
Guo,0.992871666,0.313863333,17,2015,1,4,1,0,2,2,2,2,1,99,1,1,1,0,0,5,0,1,0,1,0,0,1,0,0,1,1,88,0,0,0
Guo,1.279001408,0.335704549,17,2015,1,1,1,0,2,2,2,2,1,99,1,1,1,0,0,5,0,1,0,1,0,0,1,0,0,1,2,1,0,0,0
Guo,0.939439876,0.316989989,17,2015,1,3,1,0,2,2,2,2,1,99,1,1,1,0,0,5,0,1,0,1,0,0,1,0,0,1,2,1,0,0,0
Guo,0.364980419,0.285315426,17,2015,1,4,1,0,2,2,2,2,1,99,1,1,1,0,0,5,0,1,0,1,0,0,1,0,0,1,2,1,0,0,0
Guo,0.543467407,0.29276296,17,2015,1,1,1,0,2,2,2,2,1,99,1,1,1,0,0,5,0,1,0,1,0,0,1,0,0,1,3,88,0,0,0
Guo,0.346734017,0.288082601,17,2015,1,3,1,0,2,2,2,2,1,99,1,1,1,0,0,5,0,1,0,1,0,0,1,0,0,1,3,88,0,0,0
Guo,0.922574299,0.323849578,17,2015,1,4,1,0,2,2,2,2,1,99,1,1,1,0,0,5,0,1,0,1,0,0,1,0,0,1,3,88,0,0,0
Guo,0.497394924,0.297149297,17,2015,1,1,1,0,2,2,2,2,1,99,1,1,1,0,0,5,0,1,0,1,0,0,1,0,0,1,0,88,0,0,0
Guo,0.939511403,0.308680224,17,2015,1,3,1,0,2,2,2,2,1,99,1,1,1,0,0,5,0,1,0,1,0,0,1,0,0,1,0,88,0,0,0
Guo,0.215926341,0.283072868,17,2015,1,4,1,0,2,2,2,2,1,99,1,1,1,0,0,5,0,1,0,1,0,0,1,0,0,1,0,88,0,0,0
Guo,0.852552414,0.309444152,17,2015,1,1,1,0,2,2,2,2,1,99,1,1,1,0,0,5,0,1,0,1,0,0,1,0,0,1,8,88,0,0,0
Guo,0.680116979,0.302279968,17,2015,1,3,1,0,2,2,2,2,1,99,1,1,1,0,0,5,0,1,0,1,0,0,1,0,0,1,8,88,0,0,0
Guo,0.770943674,0.305383364,17,2015,1,4,1,0,2,2,2,2,1,99,1,1,1,0,0,5,0,1,0,1,0,0,1,0,0,1,8,88,0,0,0
Harts_Evans,0.993601935,0.437657632,18,2015,0,2,8,0,1,1,2,2,1,99,99,0,1,1,0,2,0,1,0,99,1,0,2,99,0,0,2,1,0,1,0
Hartshorn,0.830466142,0.313139643,19,2008,1,2,99,0,2,1,2,2,2,99,99,0,0,1,0,2,0,0,1,1,1,0,3,1,1,0,2,1,0,1,0
Hartshorn,0.948223419,0.313741043,19,2008,1,2,99,0,2,1,2,2,2,99,99,0,0,1,0,2,0,0,1,1,1,0,3,1,1,0,2,1,0,1,0
Hartshorn,0.381740695,0.305042247,19,2008,1,2,99,0,2,1,2,2,2,99,99,0,0,1,0,2,0,0,1,1,1,0,3,1,10,0,2,1,0,1,0
Hartshorn,-0.250818989,0.300627252,19,2008,1,2,99,0,2,1,2,2,2,99,99,0,0,1,0,2,0,0,1,1,1,0,3,1,10,0,2,1,0,1,0
Jiang_Xiao,1.068066474,0.304284519,20,2014,0,1,2,1,1,2,2,2,1,99,99,1,99,0,0,5,0,1,0,1,0,88,1,1,1,2,0,88,99,99,0
Jiang_Xiao,0.669985341,0.27774535,20,2014,0,3,2,1,1,2,2,2,1,99,99,1,99,0,0,5,0,1,0,1,0,88,1,1,1,2,0,88,99,99,0
Jiang_Xiao,1.302198229,0.323944594,20,2014,0,1,2,1,1,2,2,2,1,99,99,1,99,0,0,5,0,1,0,1,0,88,1,1,1,2,0,88,99,99,0
Jiang_Xiao,0.784184111,0.276813144,20,2014,0,3,2,1,1,2,2,2,1,99,99,1,99,0,0,5,0,1,0,1,0,88,1,1,1,2,0,88,99,99,0
Karim_End.,-0.450380236,0.305107783,21,2019,0,2,2,0,0,2,2,2,1,99,99,1,0,1,1,5,0,1,0,1,99,99,1,99,2,2,0,88,99,1,0
Karim_End.,-1.436728715,0.371853857,21,2019,0,3,2,0,0,2,2,2,1,99,99,1,0,1,1,5,0,1,0,1,99,99,1,99,2,2,0,88,99,1,0
Karim_End.,0.348524995,0.323613689,21,2019,0,3,2,0,0,2,2,2,1,99,99,1,0,1,1,5,0,1,0,1,99,99,1,99,2,2,0,88,99,1,0
Karim_End.,-1.060783962,0.355641136,21,2019,0,2,2,0,0,2,2,2,1,99,99,1,0,1,1,5,0,1,0,1,99,99,1,99,2,2,1,88,99,1,0
Karim_End.,-1.887610336,0.434130875,21,2019,0,3,2,0,0,2,2,2,1,99,99,1,0,1,1,5,0,1,0,1,99,99,1,99,2,2,1,88,99,1,0
Karim_End.,-0.329231355,0.336171394,21,2019,0,3,2,0,0,2,2,2,1,99,99,1,0,1,1,5,0,1,0,1,99,99,1,99,2,2,1,88,99,1,0
Karim_End.,-0.796155566,0.332730358,21,2019,0,2,2,0,0,2,2,2,1,99,99,1,0,1,1,5,0,1,0,1,99,99,1,99,2,2,3,88,99,1,0
Karim_End.,-1.427156303,0.384799428,21,2019,0,3,2,0,0,2,2,2,1,99,99,1,0,1,1,5,0,1,0,1,99,99,1,99,2,2,3,88,99,1,0
Karim_End.,0.282406758,0.323552738,21,2019,0,3,2,0,0,2,2,2,1,99,99,1,0,1,1,5,0,1,0,1,99,99,1,99,2,2,3,88,99,1,0
Karim_Nas.,0.161215943,0.403789346,22,2018,0,2,3,0,1,1,2,2,1,99,1,1,1,1,1,5,0,1,1,1,99,1,0,99,0,0,0,88,2,1,0
Karim_Nas.,0.122666066,0.422370354,22,2018,0,2,3,0,1,1,2,2,1,99,1,1,1,1,1,5,0,1,1,1,99,1,0,99,0,0,1,88,2,1,0
Karim_Nas.,0.710722344,0.446863014,22,2018,0,2,3,0,1,1,2,2,1,99,1,1,1,1,1,5,0,1,1,1,99,1,0,99,0,0,2,88,2,1,0
Kassim_Ng,0.856788205,0.280051983,23,2014,0,1,2,99,1,2,2,2,1,99,1,99,99,1,0,5,0,1,1,2,0,0,11,99,2,2,1,88,99,99,0
Kassim_Ng,1.306849432,0.300242449,23,2014,0,4,2,99,1,2,2,2,1,99,1,99,99,1,0,5,0,1,1,2,0,0,11,99,2,2,1,88,99,99,0
Kassim_Ng,0.941233399,0.281778297,23,2014,0,1,2,99,1,2,2,2,1,99,1,99,99,1,0,5,0,1,1,2,0,0,11,99,2,2,1,88,99,99,0
Kassim_Ng,1.274315874,0.298522375,23,2014,0,4,2,99,1,2,2,2,1,99,1,99,99,1,0,5,0,1,1,2,0,0,11,99,2,2,1,88,99,99,0
Mubarak,0.917324928,0.407287134,24,2013,0,1,12,1,2,2,2,2,0,0,1,1,1,1,0,77,1,1,0,1,99,0,1,99,0,0,0,88,2,1,0
Mubarak,0.102084383,0.373144543,24,2013,0,4,12,1,2,2,2,2,0,0,1,1,1,1,0,77,1,1,0,1,99,0,1,99,0,0,0,88,2,1,0
Mubarak,0.755188343,0.458491421,24,2013,0,1,12,1,2,2,2,2,0,0,1,1,1,1,0,77,1,1,0,1,99,0,1,99,0,0,0,88,2,1,0
Mubarak,1.176033455,0.515168272,24,2013,0,4,12,1,2,2,2,2,0,0,1,1,1,1,0,77,1,1,0,1,99,0,1,99,0,0,0,88,2,1,0
Mubarak,0.528774788,0.444805524,24,2013,0,1,12,1,2,2,2,2,0,0,1,1,1,1,0,77,1,1,0,1,99,0,1,99,0,0,0,88,2,1,0
Mubarak,-0.118904904,0.409870277,24,2013,0,4,12,1,2,2,2,2,0,0,1,1,1,1,0,77,1,1,0,1,99,0,1,99,0,0,0,88,2,1,0
Mubarak,-0.088344593,0.39295815,24,2013,0,1,12,1,2,2,2,2,0,0,1,1,1,1,0,77,1,1,0,1,99,0,1,99,0,0,0,88,2,1,0
Mubarak,0.539086991,0.436767161,24,2013,0,4,12,1,2,2,2,2,0,0,1,1,1,1,0,77,1,1,0,1,99,0,1,99,0,0,0,88,2,1,0
Mubarak,0.985088561,0.386450971,24,2013,0,1,12,1,2,2,2,2,0,0,1,1,1,1,0,77,1,1,0,1,99,0,1,99,0,0,1,88,2,1,0
Mubarak,0.740817728,0.386674145,24,2013,0,4,12,1,2,2,2,2,0,0,1,1,1,1,0,77,1,1,0,1,99,0,1,99,0,0,1,88,2,1,0
Mubarak,-0.492667996,0.420899341,24,2013,0,1,12,1,2,2,2,2,0,0,1,1,1,1,0,77,1,1,0,1,99,0,1,99,0,0,1,88,2,1,0
Mubarak,-1.369547948,0.511038887,24,2013,0,4,12,1,2,2,2,2,0,0,1,1,1,1,0,77,1,1,0,1,99,0,1,99,0,0,1,88,2,1,0
Mubarak,0.206464074,0.39634641,24,2013,0,1,12,1,2,2,2,2,0,0,1,1,1,1,0,77,1,1,0,1,99,0,1,99,0,0,1,88,2,1,0
Mubarak,-0.158771197,0.390050462,24,2013,0,4,12,1,2,2,2,2,0,0,1,1,1,1,0,77,1,1,0,1,99,0,1,99,0,0,1,88,2,1,0
Mubarak,-0.361055682,0.400722792,24,2013,0,1,12,1,2,2,2,2,0,0,1,1,1,1,0,77,1,1,0,1,99,0,1,99,0,0,1,88,2,1,0
Mubarak,0.266135313,0.435110061,24,2013,0,4,12,1,2,2,2,2,0,0,1,1,1,1,0,77,1,1,0,1,99,0,1,99,0,0,1,88,2,1,0
Munoz,0.489898729,0.334081998,25,2011,1,2,4,2,2,2,2,2,99,99,99,1,0,0,0,5,0,1,0,2,1,1,1,1,0,2,2,2,1,1,0
Munoz,-0.142803784,0.334023819,25,2011,1,2,4,2,2,2,2,2,99,99,99,1,0,0,0,5,0,1,0,2,1,1,1,1,0,2,1,88,1,1,0
Nakazawa,0.620710702,0.446715256,26,2006,2,4,5,1,2,2,2,2,0,99,0,1,1,1,0,6,1,99,99,1,1,0,0,0,0,1,0,88,1,1,0
Nakazawa,0.52700738,0.447876143,26,2006,2,4,5,1,2,2,2,2,0,99,0,1,1,1,0,6,1,99,99,1,1,0,0,0,0,1,2,2,1,1,0
Nakazawa,0.207225597,0.447841198,26,2006,2,4,5,1,2,2,2,2,0,99,0,1,1,1,0,6,1,99,99,1,1,0,0,0,0,1,15,88,1,1,0
Nemati_etal,4.613584413,0.302690342,27,2019,2,2,4,0,1,2,3,1,0,0,0,1,1,1,0,77,1,1,0,99,0,99,14,0,3,2,0,88,1,1,0
Nemati_etal,2.375826097,0.354868921,27,2019,2,3,4,0,1,2,3,1,0,0,0,1,1,1,0,77,1,1,0,99,0,99,14,0,3,2,0,88,1,1,0
Nemati_etal,5.09306209,0.305660781,27,2019,2,2,4,0,1,2,3,1,0,0,0,1,1,1,0,77,1,1,0,99,0,99,14,0,3,2,1,88,1,1,0
Nemati_etal,2.868542442,0.206143967,27,2019,2,3,4,0,1,2,3,1,0,0,0,1,1,1,0,77,1,1,0,99,0,99,14,0,3,2,1,88,1,1,0
Nusrat.etal.,-0.221041088,0.283760076,28,2019,0,4,2,2,0,2,2,2,99,99,99,0,1,1,0,5,0,1,0,99,99,0,0,1,1,1,2,1,0,1,0
Nusrat.etal.,-0.187041906,0.296230935,28,2019,0,4,2,2,0,2,2,2,99,99,99,0,1,1,0,5,0,1,0,99,99,0,0,1,2,1,2,1,0,1,0
Nusrat.etal.,1.517677436,0.332106703,28,2019,0,4,2,2,0,2,2,2,99,99,99,0,1,1,0,5,0,1,0,99,99,0,0,1,3,1,2,1,0,1,0
Pariyto_Cah.,1.241478431,0.496266253,29,2016,1,1,7,1,0,2,2,2,1,99,99,1,0,1,1,2,0,1,0,2,99,99,0,0,0,0,0,88,2,1,0
Pariyto_Cah.,0.050585674,0.409079177,29,2016,1,3,7,1,0,2,2,2,1,99,99,1,0,1,1,2,0,1,0,2,99,99,0,0,0,0,0,88,2,1,0
Parreno,0.339953765,0.353274374,30,2015,1,2,7,77,0,2,2,2,1,99,0,1,1,1,0,9,0,1,0,1,99,0,0,1,0,1,1,88,99,1,0
Parreno,-0.229188604,0.366720216,30,2015,1,2,7,77,0,2,2,2,1,99,0,1,1,1,0,9,0,1,0,1,99,0,0,1,0,1,1,88,99,1,0
Parreno,0.805596812,0.372739524,30,2015,1,2,7,77,0,2,2,2,1,99,0,1,1,1,0,9,0,1,0,1,99,0,0,1,0,1,1,88,99,1,0
Parreno,0.035013472,0.33671818,30,2015,1,2,7,77,0,2,2,2,1,99,0,1,1,1,0,9,0,1,0,1,99,0,0,1,0,1,1,88,99,1,0
Parreno,0.050964027,0.370446029,30,2015,1,2,7,77,0,2,2,2,1,99,0,1,1,1,0,9,0,1,0,1,99,0,0,1,0,1,0,88,99,1,0
Parreno,1.665864511,0.422590318,30,2015,1,2,7,77,0,2,2,2,1,99,0,1,1,1,0,9,0,1,0,1,99,0,0,1,0,1,0,88,99,1,0
Parreno,0.585128586,0.348256092,30,2015,1,2,7,77,0,2,2,2,1,99,0,1,1,1,0,9,0,1,0,1,99,0,0,1,0,1,0,88,99,1,0
Parreno,0.774271971,0.377416197,30,2015,1,2,7,77,0,2,2,2,1,99,0,1,1,1,0,9,0,1,0,1,99,0,0,1,0,1,0,88,99,1,0
Parreno,2.215185588,0.438498352,30,2015,1,2,7,77,0,2,2,2,1,99,0,1,1,1,0,9,0,1,0,1,99,0,0,1,0,1,2,1,99,1,0
Parreno,0.630444445,0.360867228,30,2015,1,2,7,77,0,2,2,2,1,99,0,1,1,1,0,9,0,1,0,1,99,0,0,1,0,1,2,1,99,1,0
Parreno,0.724286673,0.415792576,30,2015,1,2,7,77,0,2,2,2,1,99,0,1,1,1,0,9,0,1,0,1,99,0,0,1,0,1,2,1,99,1,0
Parreno,1.248117056,0.39927791,30,2015,1,2,7,77,0,2,2,2,1,99,0,1,1,1,0,9,0,1,0,1,99,0,0,1,0,1,2,1,99,1,0
Pash.,0.900068175,0.348209338,31,2017,1,1,2,1,0,2,2,2,1,2,99,0,0,1,0,7,1,1,0,1,0,99,1,0,0,1,0,88,1,0,0
Pash.,0.203265732,0.343177151,31,2017,1,3,2,1,0,2,2,2,1,2,99,0,0,1,0,7,1,1,0,1,0,99,1,0,0,1,0,88,1,0,0
Pash.,0.92162687,0.398020443,31,2017,1,1,2,1,0,2,2,2,1,2,99,0,0,1,0,7,1,1,0,1,0,99,1,0,0,1,0,88,1,0,0
Pash.,0.14052566,0.312514368,31,2017,1,3,2,1,0,2,2,2,1,2,99,0,0,1,0,7,1,1,0,1,0,99,1,0,0,1,0,88,1,0,0
Pash.,-0.075847053,0.330633539,31,2017,1,1,2,1,0,2,2,2,1,2,99,0,0,1,0,7,1,1,0,1,0,99,1,0,0,1,0,88,1,1,0
Pash.,0.001644134,0.33691618,31,2017,1,3,2,1,0,2,2,2,1,2,99,0,0,1,0,7,1,1,0,1,0,99,1,0,0,1,0,88,1,1,0
Polio_etal,0.09026967,0.256306057,32,1998,0,2,14,0,1,1,2,2,99,99,1,1,0,1,0,9,0,1,0,99,1,1,3,99,0,0,99,99,99,1,0
Polio_etal,0.322208575,0.250554879,32,1998,0,2,14,0,1,1,2,2,99,99,1,1,0,1,0,9,0,1,0,99,1,1,3,99,0,0,99,99,99,1,0
Rahimi,0.12826041,0.293607469,33,2009,1,3,3,1,1,2,2,2,1,99,99,99,1,1,0,2,0,0,0,2,99,99,0,99,0,0,2,99,1,1,0
Rummel_Bitc.,1.01549213,0.500220682,34,2015,0,2,2,1,0,2,3,2,2,99,1,0,0,0,0,6,0,1,0,2,99,99,1,99,3,2,0,99,99,2,0
Rummel_Bitc.,0.926302958,0.492708563,34,2015,0,3,2,1,0,2,3,2,2,99,1,0,0,0,0,6,0,1,0,2,99,99,1,99,3,2,0,99,99,2,0
Rummel_Bitc.,1.407932655,0.534700035,34,2015,0,2,2,1,0,2,3,2,2,99,1,0,0,0,0,6,0,1,0,2,99,99,1,99,3,2,2,99,99,2,0
Rummel_Bitc.,0.650777091,0.466947019,34,2015,0,3,2,1,0,2,3,2,2,99,1,0,0,0,0,6,0,1,0,2,99,99,1,99,3,2,2,99,99,2,0
Rummel_Bitc.,0.597846861,0.462421735,34,2015,0,2,2,1,0,2,3,2,2,99,1,0,0,0,0,6,0,1,0,2,99,99,1,99,3,2,3,99,99,2,0
Rummel_Bitc.,0.849264907,0.474112926,34,2015,0,3,2,1,0,2,3,2,2,99,1,0,0,0,0,6,0,1,0,2,99,99,1,99,3,2,3,99,99,2,0
Seiff_ElSak,4.009361125,0.228602104,35,2017,0,2,9,99,0,2,2,2,99,99,99,1,1,1,0,2,0,1,0,99,2,0,4,1,0,0,15,99,99,99,0
Sheen_a,0.385700813,0.280299513,36,2007,0,1,2,1,1,1,2,2,1,99,99,99,99,1,0,6,1,1,0,0,0,0,0,99,1,2,0,88,1,0,0
Sheen_a,0.568675941,0.284897745,36,2007,0,3,2,1,1,1,2,2,1,99,99,99,99,1,0,6,1,1,0,0,0,0,0,99,1,2,0,88,1,0,0
Sheen_a,0.325614693,0.277832596,36,2007,0,1,2,1,1,1,2,2,1,99,99,99,99,1,0,6,1,1,0,0,0,0,0,99,1,2,8,88,1,0,0
Sheen_a,0.839819691,0.3024762,36,2007,0,3,2,1,1,1,2,2,1,99,99,99,99,1,0,6,1,1,0,0,0,0,0,99,1,2,8,88,1,0,0
Sheen_b,0.827999907,0.296993548,37,2010,3,1,1,1,1,1,2,2,1,99,99,0,99,1,0,6,0,1,0,99,0,0,1,99,1,2,0,88,0,2,0
Sheen_b,0.761571107,0.294440981,37,2010,3,3,1,1,1,1,2,2,1,99,99,0,99,1,0,6,0,1,0,99,0,0,1,99,1,2,0,88,0,2,0
Sheen_b,0.885438946,0.296428814,37,2010,3,1,1,1,1,1,2,2,1,99,99,0,99,1,0,6,0,1,0,99,0,0,1,99,1,2,8,88,0,2,0
Sheen_b,1.129269152,0.314264373,37,2010,3,3,1,1,1,1,2,2,1,99,99,0,99,1,0,6,0,1,0,99,0,0,1,99,1,2,8,88,0,2,0
Sheen_etal,0.707119717,0.399025424,38,2009,3,2,2,1,1,1,2,2,1,2,99,0,99,0,0,6,0,1,0,99,99,99,4,99,1,2,0,88,0,1,0
Sheen_etal,-0.37362337,0.334319652,38,2009,3,3,2,1,1,1,2,2,1,2,99,0,99,0,0,6,0,1,0,99,99,99,4,99,1,2,0,88,0,1,0
Sheen_etal,0.926753835,0.402156955,38,2009,3,2,2,1,1,1,2,2,1,2,99,0,99,0,0,6,0,1,0,99,99,99,4,99,1,1,0,88,0,1,0
Sheen_etal,-0.153989252,0.344993633,38,2009,3,3,2,1,1,1,2,2,1,2,99,0,99,0,0,6,0,1,0,99,99,99,4,99,1,1,0,88,0,1,0
Sheen_etal,0.286185689,0.35829983,38,2009,0,2,2,1,1,1,2,2,1,2,99,0,99,0,0,6,0,1,0,99,99,99,4,99,1,2,0,88,0,1,0
Sheen_etal,0.474397474,0.377686474,38,2009,0,3,2,1,1,1,2,2,1,2,99,0,99,0,0,6,0,1,0,99,99,99,4,99,1,2,0,88,0,1,0
Sheen_etal,0.505819807,0.369077901,38,2009,0,2,2,1,1,1,2,2,1,2,99,0,99,0,0,6,0,1,0,99,99,99,4,99,1,1,0,88,0,1,0
Sheen_etal,0.694031591,0.384168855,38,2009,0,3,2,1,1,1,2,2,1,2,99,0,99,0,0,6,0,1,0,99,99,99,4,99,1,1,0,88,0,1,0
Sheen_etal,0.772083324,0.394294185,38,2009,3,2,2,1,1,1,2,2,1,2,99,0,99,0,0,6,0,1,0,99,99,99,4,99,0,1,0,88,0,1,0
Sheen_etal,0.012560749,0.34713113,38,2009,3,3,2,1,1,1,2,2,1,2,99,0,99,0,0,6,0,1,0,99,99,99,4,99,0,1,0,88,0,1,0
Sheen_etal,-0.322915025,0.509826136,38,2009,3,2,2,1,1,1,2,2,1,2,99,0,99,0,0,6,0,1,0,99,99,99,4,99,1,2,0,88,0,1,0
Sheen_etal,-1.082437599,0.460752991,38,2009,3,3,2,1,1,1,2,2,1,2,99,0,99,0,0,6,0,1,0,99,99,99,4,99,1,2,0,88,0,1,0
Sheen_etal,0.455826822,0.364279623,38,2009,0,2,2,1,1,1,2,2,1,2,99,0,99,0,0,6,0,1,0,99,99,99,4,99,0,1,0,88,0,1,0
Sheen_etal,0.387076763,0.367240658,38,2009,0,3,2,1,1,1,2,2,1,2,99,0,99,0,0,6,0,1,0,99,99,99,4,99,0,1,0,88,0,1,0
Sheen_etal,-0.639171526,0.488248669,38,2009,0,2,2,1,1,1,2,2,1,2,99,0,99,0,0,6,0,1,0,99,99,99,4,99,1,2,0,88,0,1,0
Sheen_etal,-0.707921585,0.487083719,38,2009,0,3,2,1,1,1,2,2,1,2,99,0,99,0,0,6,0,1,0,99,99,99,4,99,1,2,0,88,0,1,0
Shint_Ellis,1.232360511,0.43344636,39,2013,0,2,1,0,1,1,2,2,1,99,99,1,1,1,0,5,1,1,0,99,0,99,14,99,1,2,3,88,1,1,0
Shint_Ellis,0.601111073,0.375161156,39,2013,0,2,1,0,1,1,2,2,1,99,99,1,1,1,0,5,1,1,0,99,0,99,14,99,1,2,3,88,1,1,0
Shint_Ellis,0.051981817,0.370111117,39,2013,0,2,1,0,1,1,2,2,1,99,99,1,1,1,0,5,1,1,0,99,0,99,14,99,1,2,0,88,1,1,0
Shint_Ellis,0.250958077,0.367678248,39,2013,0,2,1,0,1,1,2,2,1,99,99,1,1,1,0,5,1,1,0,99,0,99,14,99,1,2,0,88,1,1,0
Sob_Taybi,0.248388483,0.372580318,40,2015,0,2,1,99,0,2,3,99,1,99,99,0,0,1,1,5,0,1,0,99,99,0,4,88,0,0,1,88,1,99,0
Sob_Taybi,0.419239053,0.380877386,40,2015,0,2,1,99,0,2,3,99,1,99,99,0,0,1,1,5,0,1,0,99,99,0,4,88,0,1,1,88,1,99,0
Stefan_Revesz,-0.48773477,0.275331912,41,2015,3,1,2,0,1,2,1,1,1,99,99,1,1,0,0,7,1,0,0,99,0,99,4,99,1,2,0,88,99,2,0
Stefan_Revesz,0.127126814,0.283508429,41,2015,3,2,2,0,1,2,1,1,1,99,99,1,1,0,0,7,1,0,0,99,0,99,4,99,1,2,0,88,99,2,0
Stefan_Revesz,2.04388348,0.343984176,41,2015,3,1,2,0,1,2,1,1,1,99,99,1,1,0,0,7,1,0,0,99,0,99,4,99,1,2,0,88,99,2,0
Stefan_Revesz,1.802630447,0.325233753,41,2015,3,2,2,0,1,2,1,1,1,99,99,1,1,0,0,7,1,0,0,99,0,99,4,99,1,2,0,88,99,2,0
Stefan_Revesz,-0.125981087,0.266972177,41,2015,3,1,2,0,1,2,1,1,1,99,99,1,1,0,0,7,1,0,0,99,0,99,4,99,1,2,8,88,99,2,0
Stefan_Revesz,0.508273779,0.291007829,41,2015,3,2,2,0,1,2,1,1,1,99,99,1,1,0,0,7,1,0,0,99,0,99,4,99,1,2,8,88,99,2,0
Stefan_Revesz,1.97319605,0.351356876,41,2015,3,1,2,0,1,2,1,1,1,99,99,1,1,0,0,7,1,0,0,99,0,99,4,99,1,2,8,88,99,2,0
Stefan_Revesz,1.858955626,0.347186319,41,2015,3,2,2,0,1,2,1,1,1,99,99,1,1,0,0,7,1,0,0,99,0,99,4,99,1,2,8,88,99,2,0
Sun,0.736287357,0.479568088,42,2013,1,3,5,1,2,2,2,2,1,99,1,1,0,1,0,5,0,0,2,2,0,1,1,99,7,2,15,0,0,1,0
Sun,0.094911369,0.429690619,42,2013,1,3,5,1,2,2,2,2,1,99,1,1,0,1,0,5,0,0,2,2,0,1,1,99,0,0,4,1,0,1,0
Tanveer.etal,1.775050018,0.54160272,43,2018,0,1,1,99,0,2,1,1,1,99,99,1,1,1,0,5,0,1,0,99,99,99,0,99,99,1,8,88,99,1,0
Tanveer.etal,1.732400345,0.539893447,43,2018,0,2,1,99,0,2,1,1,1,99,99,1,1,1,0,5,0,1,0,99,99,99,0,99,99,1,8,88,99,1,0
Tanveer.etal,1.830776422,0.534266051,43,2018,0,1,1,99,0,2,1,1,1,99,99,1,1,1,0,5,0,1,0,99,99,99,0,99,99,1,3,88,99,1,0
Tanveer.etal,1.375240216,0.502010116,43,2018,0,2,1,99,0,2,1,1,1,99,99,1,1,1,0,5,0,1,0,99,99,99,0,99,99,1,3,88,99,1,0
Trscott_Hsu,-0.082745787,0.331699586,44,2008,0,2,3,1,1,2,2,2,1,99,1,0,99,0,1,5,0,1,0,1,99,0,0,99,0,0,1,88,1,1,0
VanBe_Jng_Ken,-0.89110234,0.373778002,45,2008,2,2,1,99,0,2,1,1,99,99,99,1,1,0,0,2,1,1,0,1,0,0,0,0,0,0,0,88,88,1,0
VanBe_Jng_Ken,0.249398873,0.355315443,45,2008,2,2,1,99,0,2,1,1,99,99,99,1,1,0,0,2,1,1,0,1,0,0,0,0,0,0,2,1,88,1,0
VanBe_Jng_Ken,-1.316118317,0.421193584,45,2008,0,2,1,99,0,2,1,1,99,99,99,1,1,0,0,2,1,1,0,1,0,0,0,0,0,0,0,88,88,1,0
VanBe_Jng_Ken,-0.175617104,0.410629791,45,2008,0,2,1,99,0,2,1,1,99,99,99,1,1,0,0,2,1,1,0,1,0,0,0,0,0,0,2,1,88,1,0
VanBe_Jng_Ken,-1.045714711,0.363334961,45,2008,2,2,1,99,0,2,1,1,99,99,99,1,1,0,0,2,1,1,0,1,0,0,0,0,0,0,0,88,88,1,0
VanBe_Jng_Ken,-0.285027144,0.351411901,45,2008,2,2,1,99,0,2,1,1,99,99,99,1,1,0,0,2,1,1,0,1,0,0,0,0,0,0,2,1,88,1,0
VanBe_Jng_Ken,-0.767449207,0.378905943,45,2008,0,2,1,99,0,2,1,1,99,99,99,1,1,0,0,2,1,1,0,1,0,0,0,0,0,0,0,88,88,1,0
VanBe_Jng_Ken,-0.00676164,0.362357067,45,2008,0,2,1,99,0,2,1,1,99,99,99,1,1,0,0,2,1,1,0,1,0,0,0,0,0,0,2,1,88,1,0
VanBe_Jng_KenA,0.816714472,0.240886333,46,2012,2,3,1,99,1,2,1,1,77,99,99,1,1,1,1,2,1,1,0,1,0,0,0,0,0,0,0,88,88,1,0
VanBe_Jng_KenA,0.145630823,0.234550758,46,2012,2,3,1,99,1,2,1,1,77,99,99,1,1,1,1,2,1,1,0,1,0,0,0,0,0,0,2,1,88,1,0
VanBe_Jng_KenA,1.121367688,0.263440851,46,2012,0,3,1,99,1,2,1,1,77,99,99,1,1,1,1,2,1,1,0,1,0,0,0,0,0,0,0,88,88,1,0
VanBe_Jng_KenA,0.450284039,0.257403943,46,2012,0,3,1,99,1,2,1,1,77,99,99,1,1,1,1,2,1,1,0,1,0,0,0,0,0,0,2,1,88,1,0
VanBe_Jng_KenB,0.675093577,0.258768859,47,2012,2,2,1,99,1,2,1,1,77,99,99,1,1,1,1,2,1,1,0,1,0,0,0,0,0,0,0,88,88,1,0
VanBe_Jng_KenB,0.068602139,0.265235693,47,2012,2,3,1,99,1,2,1,1,77,99,99,1,1,1,1,2,1,1,0,1,0,0,0,0,0,0,0,88,88,1,0
VanBe_Jng_KenB,0.7816304,0.261285999,47,2012,2,2,1,99,1,2,1,1,77,99,99,1,1,1,1,2,1,1,0,1,0,0,0,0,0,0,2,1,88,1,0
VanBe_Jng_KenB,0.175138962,0.266464592,47,2012,2,3,1,99,1,2,1,1,77,99,99,1,1,1,1,2,1,1,0,1,0,0,0,0,0,0,2,1,88,1,0
VanBe_Jng_KenB,0.465992206,0.251531401,47,2012,0,2,1,99,1,2,1,1,77,99,99,1,1,1,1,2,1,1,0,1,0,0,0,0,0,0,0,88,88,1,0
VanBe_Jng_KenB,0.138741009,0.26832466,47,2012,0,3,1,99,1,2,1,1,77,99,99,1,1,1,1,2,1,1,0,1,0,0,0,0,0,0,0,88,88,1,0
VanBe_Jng_KenB,0.484342774,0.2512139,47,2012,0,2,1,99,1,2,1,1,77,99,99,1,1,1,1,2,1,1,0,1,0,0,0,0,0,0,2,1,88,1,0
VanBe_Jng_KenB,0.157091578,0.265557576,47,2012,0,3,1,99,1,2,1,1,77,99,99,1,1,1,1,2,1,1,0,1,0,0,0,0,0,0,2,1,88,1,0
Wagner,0.416149057,0.322768972,48,2016,1,3,3,1,2,2,1,1,2,0,99,0,0,0,0,2,0,1,0,2,0,99,4,1,0,0,2,1,1,1,0
Wang,0.678153062,0.279956122,49,2017,1,3,3,0,0,2,2,2,99,3,99,0,0,0,0,2,0,1,0,3,2,99,0,99,0,0,1,88,1,1,0
Wang,0.538078447,0.272357725,49,2017,1,3,3,0,0,2,2,2,99,3,99,0,0,0,0,2,0,1,0,3,2,99,0,99,0,0,0,88,1,1,0
Yu_Cheng,0.600488673,0.268206018,50,2017,1,1,3,0,0,2,2,2,1,99,0,0,1,1,0,2,1,1,0,1,0,1,14,99,1,2,8,88,3,1,0
Yu_Cheng,0.386961085,0.2673476,50,2017,1,2,3,0,0,2,2,2,1,99,0,0,1,1,0,2,1,1,0,1,0,1,14,99,1,2,8,88,3,1,0
Zhang,-0.820966383,0.314113387,51,2017,0,2,2,2,1,2,2,2,1,99,99,1,1,1,0,2,1,1,0,2,2,1,0,99,0,0,0,88,1,2,0
Zhang,-0.734246482,0.307262414,51,2017,0,3,2,2,1,2,2,2,1,99,99,1,1,1,0,2,1,1,0,2,2,1,0,99,0,0,0,88,1,2,0
